Week,Movie,Week Box Office,Week Total,Week Share
1,Hidden Figures,"31,428,922.00","191,325,275.00",0.16427
1,Rogue One: A Star Wars Story,"29,790,380.00","191,325,275.00",0.155705
1,Sing,"25,415,875.00","191,325,275.00",0.132841
1,Underworld: Blood Wars,"18,116,118.00","191,325,275.00",0.094688
1,La La Land,"17,924,982.00","191,325,275.00",0.093689
1,Passengers (2016),"12,286,688.00","191,325,275.00",0.064219
1,Why Him?,"9,773,494.00","191,325,275.00",0.051083
1,Moana,"8,324,943.00","191,325,275.00",0.043512
1,Fences,"7,169,098.00","191,325,275.00",0.037471
1,Assassin's Creed,"5,797,858.00","191,325,275.00",0.030304
1,Manchester by the Sea,"4,053,493.00","191,325,275.00",0.021186
1,Lion,"3,249,885.00","191,325,275.00",0.016986
1,A Monster Calls,"2,732,136.00","191,325,275.00",0.01428
1,Fantastic Beasts and Where To Find Them,"2,614,752.00","191,325,275.00",0.013667
1,Collateral Beauty,"1,760,974.00","191,325,275.00",0.009204
1,Jackie,"1,556,538.00","191,325,275.00",0.008136
1,Arrival,"1,258,058.00","191,325,275.00",0.006575
1,Office Christmas Party,"1,220,716.00","191,325,275.00",0.00638
1,Dangal,"1,126,096.00","191,325,275.00",0.005886
1,Silence (2016),"699,689.00","191,325,275.00",0.003657
1,Moonlight (2016),"594,499.00","191,325,275.00",0.003107
1,Trolls,"555,164.00","191,325,275.00",0.002902
1,Doctor Strange,"444,490.00","191,325,275.00",0.002323
1,Hacksaw Ridge,"315,138.00","191,325,275.00",0.001647
1,One Piece Film: Gold,"293,045.00","191,325,275.00",0.001532
1,Master,"260,474.00","191,325,275.00",0.001361
1,The Accountant,"192,398.00","191,325,275.00",0.001006
2,Hidden Figures,"33,605,651.00","219,557,700.00",0.153061
2,La La Land,"21,748,928.00","219,557,700.00",0.099058
2,Sing,"21,109,675.00","219,557,700.00",0.096146
2,Rogue One: A Star Wars Story,"20,073,829.00","219,557,700.00",0.091428
2,Patriots Day,"16,715,863.00","219,557,700.00",0.076134
2,The Bye Bye Man,"16,559,630.00","219,557,700.00",0.075423
2,Monster Trucks,"15,611,554.00","219,557,700.00",0.071105
2,Sleepless,"11,486,904.00","219,557,700.00",0.052318
2,Underworld: Blood Wars,"8,794,841.00","219,557,700.00",0.040057
2,Passengers (2016),"7,853,457.00","219,557,700.00",0.035769
2,Live By Night,"7,481,705.00","219,557,700.00",0.034076
2,Moana,"6,968,577.00","219,557,700.00",0.031739
2,Why Him?,"5,032,411.00","219,557,700.00",0.022921
2,Fences,"4,367,322.00","219,557,700.00",0.019891
2,Lion,"3,539,926.00","219,557,700.00",0.016123
2,Silence (2016),"2,926,589.00","219,557,700.00",0.013329
2,Manchester by the Sea,"2,554,646.00","219,557,700.00",0.011635
2,Assassin's Creed,"1,979,315.00","219,557,700.00",0.009015
2,Moonlight (2016),"1,693,623.00","219,557,700.00",0.007714
2,Fantastic Beasts and Where To Find Them,"1,406,667.00","219,557,700.00",0.006407
2,Jackie,"1,149,751.00","219,557,700.00",0.005237
2,A Monster Calls,"887,171.00","219,557,700.00",0.004041
2,Arrival,"829,052.00","219,557,700.00",0.003776
2,Trolls,"639,148.00","219,557,700.00",0.002911
2,Dangal,"537,498.00","219,557,700.00",0.002448
2,20th Century Women,"482,994.00","219,557,700.00",0.0022
2,Elle,"411,878.00","219,557,700.00",0.001876
2,Ok Jaanu,"312,090.00","219,557,700.00",0.001421
2,Doctor Strange,"309,972.00","219,557,700.00",0.001412
2,Collateral Beauty,"305,013.00","219,557,700.00",0.001389
3,Split,"51,730,090.00","193,991,048.00",0.266662
3,xXx: The Return of Xander Cage,"25,237,750.00","193,991,048.00",0.130097
3,Hidden Figures,"22,032,943.00","193,991,048.00",0.113577
3,La La Land,"13,128,875.00","193,991,048.00",0.067678
3,Sing,"10,866,180.00","193,991,048.00",0.056014
3,Rogue One: A Star Wars Story,"9,760,010.00","193,991,048.00",0.050312
3,Monster Trucks,"8,423,593.00","193,991,048.00",0.043423
3,Patriots Day,"7,891,296.00","193,991,048.00",0.040679
3,The Founder,"4,825,801.00","193,991,048.00",0.024876
3,Sleepless,"4,576,591.00","193,991,048.00",0.023592
3,The Bye Bye Man,"4,139,020.00","193,991,048.00",0.021336
3,Moana,"3,415,894.00","193,991,048.00",0.017609
3,Passengers (2016),"3,058,029.00","193,991,048.00",0.015764
3,Lion,"2,787,342.00","193,991,048.00",0.014368
3,Live By Night,"2,508,503.00","193,991,048.00",0.012931
3,Underworld: Blood Wars,"2,374,836.00","193,991,048.00",0.012242
3,20th Century Women,"2,101,862.00","193,991,048.00",0.010835
3,Fences,"1,879,925.00","193,991,048.00",0.009691
3,Silence (2016),"1,785,677.00","193,991,048.00",0.009205
3,The Resurrection of Gavin Stone,"1,577,053.00","193,991,048.00",0.00813
3,Manchester by the Sea,"1,565,643.00","193,991,048.00",0.008071
3,Why Him?,"1,512,559.00","193,991,048.00",0.007797
3,Moonlight (2016),"1,032,998.00","193,991,048.00",0.005325
3,Jackie,"616,008.00","193,991,048.00",0.003175
3,Fantastic Beasts and Where To Find Them,"575,230.00","193,991,048.00",0.002965
3,Raees,"571,090.00","193,991,048.00",0.002944
3,Arrival,"505,567.00","193,991,048.00",0.002606
3,Assassin's Creed,"451,807.00","193,991,048.00",0.002329
3,Trolls,"410,995.00","193,991,048.00",0.002119
3,Sailor Moon R: The Movie,"354,554.00","193,991,048.00",0.001828
3,Dangal,"238,428.00","193,991,048.00",0.001229
3,Paterson,"200,868.00","193,991,048.00",0.001035
4,Split,"32,386,375.00","183,788,856.00",0.176215
4,A Dog's Purpose,"22,101,265.00","183,788,856.00",0.120254
4,Hidden Figures,"19,280,401.00","183,788,856.00",0.104905
4,Resident Evil: The Final Chapter,"17,351,775.00","183,788,856.00",0.094411
4,La La Land,"16,397,552.00","183,788,856.00",0.08922
4,xXx: The Return of Xander Cage,"11,087,137.00","183,788,856.00",0.060325
4,Sing,"7,635,105.00","183,788,856.00",0.041543
4,Rogue One: A Star Wars Story,"6,783,939.00","183,788,856.00",0.036912
4,Monster Trucks,"4,959,446.00","183,788,856.00",0.026984
4,Gold,"4,771,465.00","183,788,856.00",0.025962
4,Patriots Day,"3,579,733.00","183,788,856.00",0.019477
4,The Founder,"3,569,738.00","183,788,856.00",0.019423
4,Lion,"3,335,802.00","183,788,856.00",0.01815
4,Moana,"3,068,919.00","183,788,856.00",0.016698
4,Manchester by the Sea,"2,960,674.00","183,788,856.00",0.016109
4,Sleepless,"2,332,733.00","183,788,856.00",0.012692
4,Moonlight (2016),"2,179,870.00","183,788,856.00",0.011861
4,Raees,"2,174,578.00","183,788,856.00",0.011832
4,Fences,"2,046,411.00","183,788,856.00",0.011135
4,Arrival,"1,986,436.00","183,788,856.00",0.010808
4,The Bye Bye Man,"1,345,766.00","183,788,856.00",0.007322
4,20th Century Women,"1,278,024.00","183,788,856.00",0.006954
4,Passengers (2016),"1,239,653.00","183,788,856.00",0.006745
4,Un Padre No Tan Padre,"1,202,509.00","183,788,856.00",0.006543
4,Jackie,"983,388.00","183,788,856.00",0.005351
4,Yu-Gi-Oh! The Dark Side of Dimensions,"863,651.00","183,788,856.00",0.004699
4,Silence (2016),"840,076.00","183,788,856.00",0.004571
4,Underworld: Blood Wars,"642,740.00","183,788,856.00",0.003497
4,The Resurrection of Gavin Stone,"628,960.00","183,788,856.00",0.003422
4,Hacksaw Ridge,"583,034.00","183,788,856.00",0.003172
4,Why Him?,"495,494.00","183,788,856.00",0.002696
4,Fantastic Beasts and Where To Find Them,"375,297.00","183,788,856.00",0.002042
4,Trolls,"350,366.00","183,788,856.00",0.001906
4,Assassin's Creed,"269,501.00","183,788,856.00",0.001466
4,Buddies in India,"254,043.00","183,788,856.00",0.001382
4,Paterson,"250,735.00","183,788,856.00",0.001364
4,Elle,"187,937.00","183,788,856.00",0.001023
4,Julieta,"183,808.00","183,788,856.00",0.001
5,Split,"18,855,805.00","131,134,445.00",0.14379
5,Rings,"15,672,286.00","131,134,445.00",0.119513
5,Hidden Figures,"14,150,155.00","131,134,445.00",0.107906
5,A Dog's Purpose,"13,128,410.00","131,134,445.00",0.100114
5,La La Land,"10,153,421.00","131,134,445.00",0.077428
5,Resident Evil: The Final Chapter,"6,513,655.00","131,134,445.00",0.049672
5,Lion,"5,580,048.00","131,134,445.00",0.042552
5,xXx: The Return of Xander Cage,"5,287,161.00","131,134,445.00",0.040319
5,Sing,"4,878,515.00","131,134,445.00",0.037202
5,The Space Between Us,"4,825,158.00","131,134,445.00",0.036796
5,Rogue One: A Star Wars Story,"3,957,456.00","131,134,445.00",0.030179
5,Monster Trucks,"2,581,334.00","131,134,445.00",0.019685
5,Gold,"2,101,608.00","131,134,445.00",0.016026
5,The Founder,"2,084,440.00","131,134,445.00",0.015895
5,Manchester by the Sea,"1,925,175.00","131,134,445.00",0.014681
5,Fences,"1,794,707.00","131,134,445.00",0.013686
5,Moana,"1,695,351.00","131,134,445.00",0.012928
5,Patriots Day,"1,509,391.00","131,134,445.00",0.01151
5,Moonlight (2016),"1,428,510.00","131,134,445.00",0.010893
5,The Comedian,"1,253,690.00","131,134,445.00",0.00956
5,Sleepless,"1,232,522.00","131,134,445.00",0.009399
5,Passengers (2016),"1,219,695.00","131,134,445.00",0.009301
5,Arrival,"1,116,100.00","131,134,445.00",0.008511
5,I am Not Your Negro,"1,019,040.00","131,134,445.00",0.007771
5,Journey to the West: The Demons Strike Back,"605,049.00","131,134,445.00",0.004614
5,Un Padre No Tan Padre,"584,714.00","131,134,445.00",0.004459
5,20th Century Women,"576,939.00","131,134,445.00",0.0044
5,Jackie,"557,127.00","131,134,445.00",0.004249
5,Hacksaw Ridge,"353,801.00","131,134,445.00",0.002698
5,The Salesman,"352,934.00","131,134,445.00",0.002691
5,Doctor Strange,"325,763.00","131,134,445.00",0.002484
5,The Bye Bye Man,"282,485.00","131,134,445.00",0.002154
5,Trolls,"279,210.00","131,134,445.00",0.002129
5,Silence (2016),"276,947.00","131,134,445.00",0.002112
5,Why Him?,"255,777.00","131,134,445.00",0.00195
5,Paterson,"241,981.00","131,134,445.00",0.001845
5,Fantastic Beasts and Where To Find Them,"224,052.00","131,134,445.00",0.001709
5,Underworld: Blood Wars,"198,924.00","131,134,445.00",0.001517
5,Assassin's Creed,"191,468.00","131,134,445.00",0.00146
5,Julieta,"173,123.00","131,134,445.00",0.00132
5,Yu-Gi-Oh! The Dark Side of Dimensions,"145,931.00","131,134,445.00",0.001113
5,Toni Erdmann,"131,839.00","131,134,445.00",0.001005
6,Fifty Shades Darker,"68,696,455.00","260,605,285.00",0.263603
6,The LEGO Batman Movie,"64,566,314.00","260,605,285.00",0.247755
6,John Wick: Chapter Two,"42,192,083.00","260,605,285.00",0.1619
6,Split,"13,593,260.00","260,605,285.00",0.05216
6,Hidden Figures,"12,039,580.00","260,605,285.00",0.046199
6,A Dog's Purpose,"9,885,835.00","260,605,285.00",0.037934
6,La La Land,"7,993,721.00","260,605,285.00",0.030674
6,Rings,"7,750,932.00","260,605,285.00",0.029742
6,Lion,"5,969,761.00","260,605,285.00",0.022907
6,The Space Between Us,"2,501,459.00","260,605,285.00",0.009599
6,xXx: The Return of Xander Cage,"2,256,298.00","260,605,285.00",0.008658
6,Sing,"2,226,110.00","260,605,285.00",0.008542
6,Rogue One: A Star Wars Story,"2,144,500.00","260,605,285.00",0.008229
6,Resident Evil: The Final Chapter,"2,141,453.00","260,605,285.00",0.008217
6,I am Not Your Negro,"1,215,382.00","260,605,285.00",0.004664
6,Fences,"1,126,242.00","260,605,285.00",0.004322
6,Manchester by the Sea,"1,080,284.00","260,605,285.00",0.004145
6,Jolly Llb 2,"1,064,226.00","260,605,285.00",0.004084
6,The Founder,"1,057,339.00","260,605,285.00",0.004057
6,Moana,"1,000,096.00","260,605,285.00",0.003838
6,Monster Trucks,"823,940.00","260,605,285.00",0.003162
6,Moonlight (2016),"789,635.00","260,605,285.00",0.00303
6,Sleepless,"734,449.00","260,605,285.00",0.002818
6,Arrival,"644,535.00","260,605,285.00",0.002473
6,Patriots Day,"507,088.00","260,605,285.00",0.001946
6,Fantastic Beasts and Where To Find Them,"475,167.00","260,605,285.00",0.001823
6,Passengers (2016),"371,175.00","260,605,285.00",0.001424
6,The Salesman,"348,096.00","260,605,285.00",0.001336
6,The Comedian,"326,074.00","260,605,285.00",0.001251
6,Jackie,"290,760.00","260,605,285.00",0.001116
6,20th Century Women,"280,292.00","260,605,285.00",0.001076
6,Paterson,"264,260.00","260,605,285.00",0.001014
7,The LEGO Batman Movie,"49,440,264.00","221,332,213.00",0.223376
7,Fifty Shades Darker,"27,238,760.00","221,332,213.00",0.123067
7,The Great Wall,"25,705,640.00","221,332,213.00",0.116141
7,John Wick: Chapter Two,"23,220,617.00","221,332,213.00",0.104913
7,Fist Fight,"16,874,827.00","221,332,213.00",0.076242
7,Hidden Figures,"11,448,974.00","221,332,213.00",0.051728
7,Split,"10,159,365.00","221,332,213.00",0.045901
7,A Dog's Purpose,"8,893,095.00","221,332,213.00",0.04018
7,La La Land,"7,255,999.00","221,332,213.00",0.032783
7,Lion,"6,752,854.00","221,332,213.00",0.03051
7,A Cure for Wellness,"6,095,250.00","221,332,213.00",0.027539
7,Rings,"3,186,256.00","221,332,213.00",0.014396
7,Disney's Newsies the Broadway Musical,"2,545,060.00","221,332,213.00",0.011499
7,Is Genesis History?,"1,796,182.00","221,332,213.00",0.008115
7,Moana,"1,744,960.00","221,332,213.00",0.007884
7,I am Not Your Negro,"1,620,938.00","221,332,213.00",0.007324
7,Fences,"1,429,319.00","221,332,213.00",0.006458
7,Everybody Loves Somebody,"1,266,952.00","221,332,213.00",0.005724
7,Sing,"1,241,885.00","221,332,213.00",0.005611
7,Rogue One: A Star Wars Story,"1,209,076.00","221,332,213.00",0.005463
7,Manchester by the Sea,"914,141.00","221,332,213.00",0.00413
7,Moonlight (2016),"896,930.00","221,332,213.00",0.004052
7,xXx: The Return of Xander Cage,"638,708.00","221,332,213.00",0.002886
7,The Founder,"627,191.00","221,332,213.00",0.002834
7,Passengers (2016),"587,668.00","221,332,213.00",0.002655
7,Resident Evil: The Final Chapter,"576,223.00","221,332,213.00",0.002603
7,Jolly Llb 2,"489,996.00","221,332,213.00",0.002214
7,Arrival,"488,193.00","221,332,213.00",0.002206
7,Patriots Day,"449,331.00","221,332,213.00",0.00203
7,The Salesman,"442,705.00","221,332,213.00",0.002
7,The Space Between Us,"416,830.00","221,332,213.00",0.001883
7,Fantastic Beasts and Where To Find Them,"403,839.00","221,332,213.00",0.001825
7,A United Kingdom,"389,358.00","221,332,213.00",0.001759
7,Toni Erdmann,"306,877.00","221,332,213.00",0.001386
7,Monster Trucks,"294,891.00","221,332,213.00",0.001332
7,Hacksaw Ridge,"261,179.00","221,332,213.00",0.00118
7,Jackie,"258,820.00","221,332,213.00",0.001169
7,Sleepless,"250,057.00","221,332,213.00",0.00113
7,Paterson,"243,858.00","221,332,213.00",0.001102
7,20th Century Women,"222,060.00","221,332,213.00",0.001003
8,Get Out,"49,843,640.00","169,121,821.00",0.29472
8,The LEGO Batman Movie,"22,975,223.00","169,121,821.00",0.13585
8,John Wick: Chapter Two,"12,728,272.00","169,121,821.00",0.075261
8,The Great Wall,"12,055,665.00","169,121,821.00",0.071284
8,Fifty Shades Darker,"10,492,100.00","169,121,821.00",0.062039
8,Fist Fight,"8,551,348.00","169,121,821.00",0.050563
8,Hidden Figures,"7,999,635.00","169,121,821.00",0.047301
8,La La Land,"6,449,297.00","169,121,821.00",0.038134
8,Lion,"5,382,213.00","169,121,821.00",0.031824
8,Split,"5,228,005.00","169,121,821.00",0.030913
8,A Dog's Purpose,"4,448,965.00","169,121,821.00",0.026306
8,Rock Dog,"4,434,298.00","169,121,821.00",0.02622
8,Collide,"2,023,034.00","169,121,821.00",0.011962
8,A Cure for Wellness,"1,935,921.00","169,121,821.00",0.011447
8,Moonlight (2016),"1,332,055.00","169,121,821.00",0.007876
8,I am Not Your Negro,"1,222,608.00","169,121,821.00",0.007229
8,Moana,"1,052,480.00","169,121,821.00",0.006223
8,Fences,"1,035,497.00","169,121,821.00",0.006123
8,Rings,"865,824.00","169,121,821.00",0.00512
8,A United Kingdom,"702,749.00","169,121,821.00",0.004155
8,Manchester by the Sea,"690,019.00","169,121,821.00",0.00408
8,Sing,"611,350.00","169,121,821.00",0.003615
8,Rogue One: A Star Wars Story,"584,248.00","169,121,821.00",0.003455
8,Everybody Loves Somebody,"497,090.00","169,121,821.00",0.002939
8,Passengers (2016),"351,340.00","169,121,821.00",0.002077
8,Arrival,"322,315.00","169,121,821.00",0.001906
8,Bitter Harvest,"297,808.00","169,121,821.00",0.001761
8,The Salesman,"279,920.00","169,121,821.00",0.001655
8,The Founder,"252,768.00","169,121,821.00",0.001495
8,Patriots Day,"223,751.00","169,121,821.00",0.001323
8,Fantastic Beasts and Where To Find Them,"220,018.00","169,121,821.00",0.001301
8,xXx: The Return of Xander Cage,"193,068.00","169,121,821.00",0.001142
8,Toni Erdmann,"181,543.00","169,121,821.00",0.001073
8,Jackie,"180,116.00","169,121,821.00",0.001065
8,Why Him?,"178,416.00","169,121,821.00",0.001055
9,Logan (2017),"114,806,733.00","252,960,428.00",0.453853
9,Get Out,"40,138,205.00","252,960,428.00",0.158674
9,The Shack,"22,218,691.00","252,960,428.00",0.087835
9,The LEGO Batman Movie,"14,221,859.00","252,960,428.00",0.056222
9,John Wick: Chapter Two,"6,582,239.00","252,960,428.00",0.026021
9,Before I Fall,"5,928,812.00","252,960,428.00",0.023438
9,Hidden Figures,"5,159,747.00","252,960,428.00",0.020397
9,Fifty Shades Darker,"4,865,920.00","252,960,428.00",0.019236
9,The Great Wall,"4,809,780.00","252,960,428.00",0.019014
9,La La Land,"3,966,227.00","252,960,428.00",0.015679
9,Fist Fight,"3,764,321.00","252,960,428.00",0.014881
9,Moonlight (2016),"3,141,348.00","252,960,428.00",0.012418
9,Lion,"2,932,895.00","252,960,428.00",0.011594
9,Rock Dog,"2,781,263.00","252,960,428.00",0.010995
9,Split,"2,659,235.00","252,960,428.00",0.010512
9,A Dog's Purpose,"2,242,445.00","252,960,428.00",0.008865
9,Table 19,"2,136,700.00","252,960,428.00",0.008447
9,Sword Art Online: The Movie - Ordinal Scale,"1,075,833.00","252,960,428.00",0.004253
9,A United Kingdom,"898,039.00","252,960,428.00",0.00355
9,Moana,"803,830.00","252,960,428.00",0.003178
9,I am Not Your Negro,"696,319.00","252,960,428.00",0.002753
9,Sing,"517,360.00","252,960,428.00",0.002045
9,Why Him?,"427,505.00","252,960,428.00",0.00169
9,Fences,"426,694.00","252,960,428.00",0.001687
9,Manchester by the Sea,"380,330.00","252,960,428.00",0.001504
9,The Salesman,"346,295.00","252,960,428.00",0.001369
9,Kedi,"342,750.00","252,960,428.00",0.001355
9,Rogue One: A Star Wars Story,"303,608.00","252,960,428.00",0.0012
9,Collide,"256,970.00","252,960,428.00",0.001016
10,Kong: Skull Island,"81,275,294.00","227,594,404.00",0.357106
10,Logan (2017),"51,720,152.00","227,594,404.00",0.227247
10,Get Out,"29,886,300.00","227,594,404.00",0.131314
10,The Shack,"14,265,939.00","227,594,404.00",0.062681
10,The LEGO Batman Movie,"11,519,692.00","227,594,404.00",0.050615
10,Before I Fall,"4,331,865.00","227,594,404.00",0.019033
10,Hidden Figures,"3,958,883.00","227,594,404.00",0.017394
10,John Wick: Chapter Two,"3,867,593.00","227,594,404.00",0.016993
10,La La Land,"2,558,595.00","227,594,404.00",0.011242
10,Fifty Shades Darker,"2,283,250.00","227,594,404.00",0.010032
10,Lion,"1,943,169.00","227,594,404.00",0.008538
10,Fist Fight,"1,887,252.00","227,594,404.00",0.008292
10,The Great Wall,"1,886,555.00","227,594,404.00",0.008289
10,A Dog's Purpose,"1,755,015.00","227,594,404.00",0.007711
10,Split,"1,747,090.00","227,594,404.00",0.007676
10,Rock Dog,"1,625,792.00","227,594,404.00",0.007143
10,Moonlight (2016),"1,258,743.00","227,594,404.00",0.005531
10,Table 19,"1,238,456.00","227,594,404.00",0.005442
10,Badrinath Ki Dulhania,"1,166,509.00","227,594,404.00",0.005125
10,A United Kingdom,"777,965.00","227,594,404.00",0.003418
10,Sing,"736,650.00","227,594,404.00",0.003237
10,Moana,"645,466.00","227,594,404.00",0.002836
10,I am Not Your Negro,"474,445.00","227,594,404.00",0.002085
10,Kedi,"447,890.00","227,594,404.00",0.001968
10,Sword Art Online: The Movie - Ordinal Scale,"343,938.00","227,594,404.00",0.001511
10,Rogue One: A Star Wars Story,"337,132.00","227,594,404.00",0.001481
10,Monster Trucks,"283,788.00","227,594,404.00",0.001247
10,Why Him?,"268,016.00","227,594,404.00",0.001178
10,Fences,"232,233.00","227,594,404.00",0.00102
10,The Salesman,"230,722.00","227,594,404.00",0.001014
11,Beauty and the Beast (2017),"228,605,887.00","348,993,026.00",0.655044
11,Kong: Skull Island,"37,801,944.00","348,993,026.00",0.108317
11,Logan (2017),"24,783,711.00","348,993,026.00",0.071015
11,Get Out,"18,949,890.00","348,993,026.00",0.054299
11,The Shack,"8,802,414.00","348,993,026.00",0.025222
11,The LEGO Batman Movie,"6,147,900.00","348,993,026.00",0.017616
11,The Belko Experiment,"5,770,565.00","348,993,026.00",0.016535
11,Hidden Figures,"2,202,803.00","348,993,026.00",0.006312
11,John Wick: Chapter Two,"1,803,203.00","348,993,026.00",0.005167
11,Before I Fall,"1,447,113.00","348,993,026.00",0.004147
11,Lion,"1,075,226.00","348,993,026.00",0.003081
11,La La Land,"799,503.00","348,993,026.00",0.002291
11,Split,"706,565.00","348,993,026.00",0.002025
11,The Sense of an Ending,"701,626.00","348,993,026.00",0.00201
11,A Dog's Purpose,"684,200.00","348,993,026.00",0.00196
11,Fist Fight,"684,102.00","348,993,026.00",0.00196
11,Fifty Shades Darker,"668,440.00","348,993,026.00",0.001915
11,Rogue One: A Star Wars Story,"621,967.00","348,993,026.00",0.001782
11,Badrinath Ki Dulhania,"582,049.00","348,993,026.00",0.001668
11,A United Kingdom,"475,919.00","348,993,026.00",0.001364
11,Moana,"457,657.00","348,993,026.00",0.001311
11,The Great Wall,"456,640.00","348,993,026.00",0.001308
11,Sing,"439,960.00","348,993,026.00",0.001261
11,Kedi,"421,175.00","348,993,026.00",0.001207
11,Moonlight (2016),"359,998.00","348,993,026.00",0.001032
12,Beauty and the Beast (2017),"119,310,955.00","266,169,639.00",0.448252
12,Power Rangers (2017),"50,562,170.00","266,169,639.00",0.189962
12,Kong: Skull Island,"19,970,966.00","266,169,639.00",0.075031
12,Life (2017),"16,744,239.00","266,169,639.00",0.062908
12,Logan (2017),"14,357,041.00","266,169,639.00",0.053939
12,Get Out,"12,255,925.00","266,169,639.00",0.046046
12,CHiPs,"10,312,366.00","266,169,639.00",0.038744
12,The Shack,"5,627,963.00","266,169,639.00",0.021144
12,The LEGO Batman Movie,"3,055,311.00","266,169,639.00",0.011479
12,The Belko Experiment,"2,691,625.00","266,169,639.00",0.010112
12,Hidden Figures,"1,128,801.00","266,169,639.00",0.004241
12,The Last Word,"819,364.00","266,169,639.00",0.003078
12,John Wick: Chapter Two,"671,914.00","266,169,639.00",0.002524
12,Rogue One: A Star Wars Story,"604,997.00","266,169,639.00",0.002273
12,Lion,"577,212.00","266,169,639.00",0.002169
12,T2: Trainspotting,"544,233.00","266,169,639.00",0.002045
12,Wilson,"477,329.00","266,169,639.00",0.001793
12,Passengers (2016),"421,316.00","266,169,639.00",0.001583
12,The Sense of an Ending,"401,855.00","266,169,639.00",0.00151
12,A Dog's Purpose,"393,955.00","266,169,639.00",0.00148
12,Phillauri,"345,812.00","266,169,639.00",0.001299
12,Kedi,"320,429.00","266,169,639.00",0.001204
12,Sing,"310,885.00","266,169,639.00",0.001168
12,Personal Shopper,"304,655.00","266,169,639.00",0.001145
12,Before I Fall,"301,810.00","266,169,639.00",0.001134
12,La La Land,"292,904.00","266,169,639.00",0.0011
12,Moana,"288,422.00","266,169,639.00",0.001084
12,A United Kingdom,"281,793.00","266,169,639.00",0.001059
13,The Boss Baby,"63,073,318.00","222,322,759.00",0.283702
13,Beauty and the Beast (2017),"59,377,192.00","222,322,759.00",0.267077
13,Ghost in the Shell (2017),"24,223,450.00","222,322,759.00",0.108956
13,Power Rangers (2017),"18,334,072.00","222,322,759.00",0.082466
13,Kong: Skull Island,"11,681,520.00","222,322,759.00",0.052543
13,Logan (2017),"8,339,771.00","222,322,759.00",0.037512
13,Life (2017),"7,825,248.00","222,322,759.00",0.035198
13,Get Out,"7,758,690.00","222,322,759.00",0.034898
13,CHiPs,"5,425,567.00","222,322,759.00",0.024404
13,The Zookeeper's Wife,"4,714,525.00","222,322,759.00",0.021206
13,The Shack,"2,943,871.00","222,322,759.00",0.013241
13,The LEGO Batman Movie,"1,018,157.00","222,322,759.00",0.00458
13,The Belko Experiment,"760,400.00","222,322,759.00",0.00342
13,Hidden Figures,"620,391.00","222,322,759.00",0.00279
13,T2: Trainspotting,"559,825.00","222,322,759.00",0.002518
13,The Devotion of Suspect X,"423,057.00","222,322,759.00",0.001903
13,Rogue One: A Star Wars Story,"332,379.00","222,322,759.00",0.001495
13,The Last Word,"324,570.00","222,322,759.00",0.00146
13,John Wick: Chapter Two,"314,676.00","222,322,759.00",0.001415
13,Lion,"289,131.00","222,322,759.00",0.001301
13,Personal Shopper,"239,645.00","222,322,759.00",0.001078
13,Sing,"228,815.00","222,322,759.00",0.001029
13,Kedi,"225,252.00","222,322,759.00",0.001013
14,The Boss Baby,"37,707,912.00","171,880,442.00",0.219385
14,Beauty and the Beast (2017),"33,721,717.00","171,880,442.00",0.196193
14,Smurfs: The Lost Village,"18,230,759.00","171,880,442.00",0.106067
14,Going in Style (2017),"17,030,478.00","171,880,442.00",0.099083
14,Ghost in the Shell (2017),"10,399,833.00","171,880,442.00",0.060506
14,Power Rangers (2017),"8,817,506.00","171,880,442.00",0.0513
14,Kong: Skull Island,"7,847,680.00","171,880,442.00",0.045658
14,Get Out,"5,797,365.00","171,880,442.00",0.033729
14,The Case for Christ,"5,727,704.00","171,880,442.00",0.033324
14,Logan (2017),"5,711,871.00","171,880,442.00",0.033232
14,The Zookeeper's Wife,"3,888,430.00","171,880,442.00",0.022623
14,Life (2017),"3,389,969.00","171,880,442.00",0.019723
14,Your Name.,"2,636,057.00","171,880,442.00",0.015337
14,CHiPs,"1,900,450.00","171,880,442.00",0.011057
14,The Shack,"1,565,182.00","171,880,442.00",0.009106
14,Gifted,"1,370,022.00","171,880,442.00",0.007971
14,The LEGO Batman Movie,"496,948.00","171,880,442.00",0.002891
14,T2: Trainspotting,"407,442.00","171,880,442.00",0.00237
14,Hidden Figures,"391,433.00","171,880,442.00",0.002277
14,The Belko Experiment,"290,305.00","171,880,442.00",0.001689
14,La La Land,"256,782.00","171,880,442.00",0.001494
14,Lion,"231,043.00","171,880,442.00",0.001344
14,Frantz,"222,260.00","171,880,442.00",0.001293
14,John Wick: Chapter Two,"217,537.00","171,880,442.00",0.001266
14,Personal Shopper,"207,167.00","171,880,442.00",0.001205
14,Rogue One: A Star Wars Story,"198,072.00","171,880,442.00",0.001152
14,The Devotion of Suspect X,"195,131.00","171,880,442.00",0.001135
14,A Dog's Purpose,"184,340.00","171,880,442.00",0.001072
15,The Fate of the Furious,"124,896,220.00","228,153,022.00",0.547423
15,The Boss Baby,"23,460,640.00","228,153,022.00",0.102829
15,Beauty and the Beast (2017),"20,108,633.00","228,153,022.00",0.088137
15,Smurfs: The Lost Village,"10,307,226.00","228,153,022.00",0.045177
15,Going in Style (2017),"9,730,365.00","228,153,022.00",0.042648
15,Gifted,"4,844,770.00","228,153,022.00",0.021235
15,The Case for Christ,"4,049,005.00","228,153,022.00",0.017747
15,Get Out,"4,008,130.00","228,153,022.00",0.017568
15,Power Rangers (2017),"3,973,304.00","228,153,022.00",0.017415
15,Kong: Skull Island,"3,846,542.00","228,153,022.00",0.016859
15,Ghost in the Shell (2017),"3,608,221.00","228,153,022.00",0.015815
15,The Zookeeper's Wife,"3,161,195.00","228,153,022.00",0.013856
15,Logan (2017),"2,708,983.00","228,153,022.00",0.011874
15,Your Name.,"1,051,717.00","228,153,022.00",0.00461
15,The Shack,"1,006,629.00","228,153,022.00",0.004412
15,Life (2017),"914,054.00","228,153,022.00",0.004006
15,Colossal,"619,630.00","228,153,022.00",0.002716
15,The LEGO Batman Movie,"531,071.00","228,153,022.00",0.002328
15,Their Finest,"470,544.00","228,153,022.00",0.002062
15,CHiPs,"375,265.00","228,153,022.00",0.001645
15,T2: Trainspotting,"375,096.00","228,153,022.00",0.001644
15,Tommy's Honour,"331,105.00","228,153,022.00",0.001451
15,Split,"306,970.00","228,153,022.00",0.001345
15,John Wick: Chapter Two,"248,254.00","228,153,022.00",0.001088
15,Hidden Figures,"245,017.00","228,153,022.00",0.001074
16,The Fate of the Furious,"48,435,355.00","139,982,695.00",0.34601
16,The Boss Baby,"15,173,714.00","139,982,695.00",0.108397
16,Beauty and the Beast (2017),"12,575,849.00","139,982,695.00",0.089839
16,Going in Style (2017),"6,978,927.00","139,982,695.00",0.049856
16,Unforgettable (2017),"6,538,819.00","139,982,695.00",0.046712
16,Born in China,"6,434,031.00","139,982,695.00",0.045963
16,Gifted,"6,315,233.00","139,982,695.00",0.045114
16,Smurfs: The Lost Village,"5,881,516.00","139,982,695.00",0.042016
16,The Promise (2017),"5,624,018.00","139,982,695.00",0.040177
16,The Lost City of Z,"2,957,073.00","139,982,695.00",0.021125
16,Phoenix Forgotten,"2,361,486.00","139,982,695.00",0.01687
16,The Case for Christ,"2,288,456.00","139,982,695.00",0.016348
16,Get Out,"2,185,865.00","139,982,695.00",0.015615
16,The Zookeeper's Wife,"2,052,045.00","139,982,695.00",0.014659
16,Kong: Skull Island,"1,941,440.00","139,982,695.00",0.013869
16,Power Rangers (2017),"1,691,456.00","139,982,695.00",0.012083
16,Free Fire,"1,413,022.00","139,982,695.00",0.010094
16,Logan (2017),"1,308,449.00","139,982,695.00",0.009347
16,Ghost in the Shell (2017),"1,280,164.00","139,982,695.00",0.009145
16,Colossal,"796,480.00","139,982,695.00",0.00569
16,Their Finest,"730,712.00","139,982,695.00",0.00522
16,Life (2017),"646,818.00","139,982,695.00",0.004621
16,Your Name.,"584,603.00","139,982,695.00",0.004176
16,The LEGO Batman Movie,"417,688.00","139,982,695.00",0.002984
16,The Shack,"401,025.00","139,982,695.00",0.002865
16,Hidden Figures,"258,099.00","139,982,695.00",0.001844
16,CHiPs,"224,398.00","139,982,695.00",0.001603
16,John Wick: Chapter Two,"182,796.00","139,982,695.00",0.001306
16,Norman,"169,523.00","139,982,695.00",0.001211
16,Split,"162,785.00","139,982,695.00",0.001163
16,La La Land,"142,273.00","139,982,695.00",0.001016
17,The Fate of the Furious,"25,275,955.00","128,925,439.00",0.196051
17,How to be a Latin Lover,"15,403,320.00","128,925,439.00",0.119475
17,Baahubali 2: The Conclusion,"12,935,964.00","128,925,439.00",0.100337
17,The Circle (2017),"11,695,113.00","128,925,439.00",0.090712
17,The Boss Baby,"11,144,941.00","128,925,439.00",0.086445
17,Beauty and the Beast (2017),"8,951,382.00","128,925,439.00",0.069431
17,Going in Style (2017),"4,961,148.00","128,925,439.00",0.038481
17,Gifted,"4,655,306.00","128,925,439.00",0.036109
17,Smurfs: The Lost Village,"4,331,073.00","128,925,439.00",0.033594
17,Unforgettable (2017),"3,421,292.00","128,925,439.00",0.026537
17,Born in China,"3,289,880.00","128,925,439.00",0.025518
17,The Lost City of Z,"2,489,707.00","128,925,439.00",0.019311
17,Get Out,"2,300,975.00","128,925,439.00",0.017847
17,Sleight,"2,233,195.00","128,925,439.00",0.017322
17,The Promise (2017),"2,065,053.00","128,925,439.00",0.016017
17,The Zookeeper's Wife,"1,451,966.00","128,925,439.00",0.011262
17,Kong: Skull Island,"1,426,694.00","128,925,439.00",0.011066
17,The Case for Christ,"1,418,546.00","128,925,439.00",0.011003
17,Power Rangers (2017),"1,048,595.00","128,925,439.00",0.008133
17,Logan (2017),"1,013,490.00","128,925,439.00",0.007861
17,Phoenix Forgotten,"959,890.00","128,925,439.00",0.007445
17,Colossal,"730,842.00","128,925,439.00",0.005669
17,Their Finest,"718,081.00","128,925,439.00",0.00557
17,Ghost in the Shell (2017),"625,051.00","128,925,439.00",0.004848
17,Life (2017),"417,184.00","128,925,439.00",0.003236
17,Free Fire,"368,781.00","128,925,439.00",0.00286
17,The LEGO Batman Movie,"357,361.00","128,925,439.00",0.002772
17,Battle of Memories,"336,702.00","128,925,439.00",0.002612
17,Your Name.,"314,569.00","128,925,439.00",0.00244
17,Norman,"308,629.00","128,925,439.00",0.002394
17,The Shack,"249,417.00","128,925,439.00",0.001935
17,CHiPs,"162,041.00","128,925,439.00",0.001257
17,A Quiet Passion,"151,476.00","128,925,439.00",0.001175
18,Guardians of the Galaxy Vol. 2,"183,157,419.00","248,129,505.00",0.738153
18,The Fate of the Furious,"11,126,400.00","248,129,505.00",0.044841
18,The Boss Baby,"7,218,745.00","248,129,505.00",0.029093
18,How to be a Latin Lover,"6,989,681.00","248,129,505.00",0.028169
18,Beauty and the Beast (2017),"6,679,549.00","248,129,505.00",0.02692
18,The Circle (2017),"5,467,449.00","248,129,505.00",0.022035
18,Baahubali 2: The Conclusion,"4,448,108.00","248,129,505.00",0.017927
18,Gifted,"2,878,702.00","248,129,505.00",0.011602
18,Going in Style (2017),"2,611,489.00","248,129,505.00",0.010525
18,Smurfs: The Lost Village,"2,267,690.00","248,129,505.00",0.009139
18,Born in China,"1,774,572.00","248,129,505.00",0.007152
18,The Lost City of Z,"1,487,034.00","248,129,505.00",0.005993
18,Sleight,"1,109,455.00","248,129,505.00",0.004471
18,Get Out,"1,017,385.00","248,129,505.00",0.0041
18,Unforgettable (2017),"979,098.00","248,129,505.00",0.003946
18,The Dinner,"906,454.00","248,129,505.00",0.003653
18,The Zookeeper's Wife,"807,070.00","248,129,505.00",0.003253
18,Kong: Skull Island,"680,570.00","248,129,505.00",0.002743
18,The Case for Christ,"596,918.00","248,129,505.00",0.002406
18,Norman,"583,289.00","248,129,505.00",0.002351
18,Their Finest,"579,134.00","248,129,505.00",0.002334
18,Logan (2017),"473,144.00","248,129,505.00",0.001907
18,The Promise (2017),"411,590.00","248,129,505.00",0.001659
18,Colossal,"303,556.00","248,129,505.00",0.001223
18,Power Rangers (2017),"301,524.00","248,129,505.00",0.001215
19,Guardians of the Galaxy Vol. 2,"83,580,055.00","176,463,507.00",0.473639
19,Snatched,"25,182,600.00","176,463,507.00",0.142707
19,King Arthur: Legend of the Sword,"20,351,221.00","176,463,507.00",0.115328
19,The Fate of the Furious,"6,976,370.00","176,463,507.00",0.039534
19,Beauty and the Beast (2017),"6,047,885.00","176,463,507.00",0.034273
19,The Boss Baby,"5,573,280.00","176,463,507.00",0.031583
19,How to be a Latin Lover,"4,865,809.00","176,463,507.00",0.027574
19,Lowriders,"3,028,385.00","176,463,507.00",0.017162
19,The Circle (2017),"2,416,222.00","176,463,507.00",0.013692
19,Gifted,"2,070,025.00","176,463,507.00",0.011731
19,Baahubali 2: The Conclusion,"2,014,399.00","176,463,507.00",0.011415
19,Smurfs: The Lost Village,"1,473,740.00","176,463,507.00",0.008352
19,Going in Style (2017),"1,460,410.00","176,463,507.00",0.008276
19,Born in China,"1,267,564.00","176,463,507.00",0.007183
19,The Wall,"1,257,720.00","176,463,507.00",0.007127
19,The Lost City of Z,"724,638.00","176,463,507.00",0.004106
19,Get Out,"552,335.00","176,463,507.00",0.00313
19,The Zookeeper's Wife,"532,485.00","176,463,507.00",0.003018
19,Norman,"510,710.00","176,463,507.00",0.002894
19,Logan (2017),"457,160.00","176,463,507.00",0.002591
19,Sleight,"420,540.00","176,463,507.00",0.002383
19,Their Finest,"415,793.00","176,463,507.00",0.002356
19,The Belko Experiment,"403,130.00","176,463,507.00",0.002284
19,Kong: Skull Island,"377,352.00","176,463,507.00",0.002138
19,The Dinner,"335,234.00","176,463,507.00",0.0019
19,A Quiet Passion,"311,301.00","176,463,507.00",0.001764
19,The Case for Christ,"278,808.00","176,463,507.00",0.00158
19,Unforgettable (2017),"253,601.00","176,463,507.00",0.001437
19,Sarkar 3,"214,371.00","176,463,507.00",0.001215
19,The LEGO Batman Movie,"195,439.00","176,463,507.00",0.001108
19,A Dog's Purpose,"186,730.00","176,463,507.00",0.001058
19,Colossal,"186,329.00","176,463,507.00",0.001056
19,The Shack,"182,195.00","176,463,507.00",0.001032
19,"A Woman, a Part",190,"176,463,507.00",0.000001
19,Tomorrow,38,"176,463,507.00",0
20,Alien: Covenant,"46,822,181.00","173,498,593.00",0.269871
20,Guardians of the Galaxy Vol. 2,"46,578,453.00","173,498,593.00",0.268466
20,"Everything, Everything","15,356,113.00","173,498,593.00",0.088509
20,Snatched,"11,097,025.00","173,498,593.00",0.06396
20,King Arthur: Legend of the Sword,"10,303,981.00","173,498,593.00",0.059389
20,Diary of a Wimpy Kid: The Long Haul,"9,181,961.00","173,498,593.00",0.052922
20,Baywatch,"4,606,514.00","173,498,593.00",0.026551
20,The Fate of the Furious,"4,340,570.00","173,498,593.00",0.025018
20,The Boss Baby,"3,904,640.00","173,498,593.00",0.022505
20,Beauty and the Beast (2017),"3,621,386.00","173,498,593.00",0.020873
20,How to be a Latin Lover,"2,651,770.00","173,498,593.00",0.015284
20,In Our Hands: The Battle for Jerusalem,"1,662,152.00","173,498,593.00",0.00958
20,Lowriders,"1,559,750.00","173,498,593.00",0.00899
20,Gifted,"1,109,380.00","173,498,593.00",0.006394
20,Going in Style (2017),"846,099.00","173,498,593.00",0.004877
20,Smurfs: The Lost Village,"840,435.00","173,498,593.00",0.004844
20,Norman,"798,640.00","173,498,593.00",0.004603
20,Baahubali 2: The Conclusion,"788,188.00","173,498,593.00",0.004543
20,The Circle (2017),"651,272.00","173,498,593.00",0.003754
20,Born in China,"563,981.00","173,498,593.00",0.003251
20,The Wall,"481,316.00","173,498,593.00",0.002774
20,The Lovers,"393,014.00","173,498,593.00",0.002265
20,Get Out,"367,570.00","173,498,593.00",0.002119
20,The Zookeeper's Wife,"354,855.00","173,498,593.00",0.002045
20,A Quiet Passion,"328,109.00","173,498,593.00",0.001891
20,The Lost City of Z,"304,682.00","173,498,593.00",0.001756
20,Logan (2017),"284,767.00","173,498,593.00",0.001641
20,Paris Can Wait,"273,361.00","173,498,593.00",0.001576
20,Power Rangers (2017),"267,918.00","173,498,593.00",0.001544
20,Kong: Skull Island,"262,107.00","173,498,593.00",0.001511
20,Long Strange Trip,"261,572.00","173,498,593.00",0.001508
20,The Wedding Plan,"238,514.00","173,498,593.00",0.001375
20,Their Finest,"225,786.00","173,498,593.00",0.001301
20,The LEGO Batman Movie,"214,036.00","173,498,593.00",0.001234
21,Pirates of the Caribbean: Dead Men Tell No Tales,"93,008,771.00","218,504,847.00",0.42566
21,Guardians of the Galaxy Vol. 2,"32,425,405.00","218,504,847.00",0.148397
21,Baywatch,"28,617,924.00","218,504,847.00",0.130972
21,Alien: Covenant,"16,397,303.00","218,504,847.00",0.075043
21,"Everything, Everything","9,625,474.00","218,504,847.00",0.044052
21,Diary of a Wimpy Kid: The Long Haul,"7,422,643.00","218,504,847.00",0.03397
21,Snatched,"6,248,789.00","218,504,847.00",0.028598
21,King Arthur: Legend of the Sword,"5,347,755.00","218,504,847.00",0.024474
21,The Boss Baby,"3,043,374.00","218,504,847.00",0.013928
21,Beauty and the Beast (2017),"2,478,036.00","218,504,847.00",0.011341
21,The Fate of the Furious,"2,267,065.00","218,504,847.00",0.010375
21,How to be a Latin Lover,"1,512,924.00","218,504,847.00",0.006924
21,The Lovers,"1,019,909.00","218,504,847.00",0.004668
21,Lowriders,"964,870.00","218,504,847.00",0.004416
21,Norman,"749,657.00","218,504,847.00",0.003431
21,Paris Can Wait,"672,664.00","218,504,847.00",0.003078
21,Gifted,"645,907.00","218,504,847.00",0.002956
21,In Our Hands: The Battle for Jerusalem,"492,654.00","218,504,847.00",0.002255
21,The Wedding Plan,"489,644.00","218,504,847.00",0.002241
21,Smurfs: The Lost Village,"478,325.00","218,504,847.00",0.002189
21,Kong: Skull Island,"431,586.00","218,504,847.00",0.001975
21,Going in Style (2017),"396,413.00","218,504,847.00",0.001814
21,A Quiet Passion,"310,811.00","218,504,847.00",0.001422
21,Get Out,"290,695.00","218,504,847.00",0.00133
21,The Zookeeper's Wife,"265,825.00","218,504,847.00",0.001217
21,Born in China,"261,295.00","218,504,847.00",0.001196
21,Power Rangers (2017),"233,962.00","218,504,847.00",0.001071
21,The LEGO Batman Movie,"223,542.00","218,504,847.00",0.001023
22,Wonder Woman,"147,822,503.00","267,889,885.00",0.551803
22,Captain Underpants: The First Epic Movie,"32,262,512.00","267,889,885.00",0.120432
22,Pirates of the Caribbean: Dead Men Tell No Tales,"32,117,523.00","267,889,885.00",0.119891
22,Guardians of the Galaxy Vol. 2,"14,377,840.00","267,889,885.00",0.053671
22,Baywatch,"13,240,697.00","267,889,885.00",0.049426
22,Alien: Covenant,"6,192,728.00","267,889,885.00",0.023117
22,"Everything, Everything","5,130,365.00","267,889,885.00",0.019151
22,Diary of a Wimpy Kid: The Long Haul,"2,117,654.00","267,889,885.00",0.007905
22,Snatched,"1,997,417.00","267,889,885.00",0.007456
22,King Arthur: Legend of the Sword,"1,757,606.00","267,889,885.00",0.006561
22,Beauty and the Beast (2017),"1,011,975.00","267,889,885.00",0.003778
22,The Boss Baby,"1,010,962.00","267,889,885.00",0.003774
22,3 Idiotas,"810,630.00","267,889,885.00",0.003026
22,Paris Can Wait,"758,669.00","267,889,885.00",0.002832
22,The Fate of the Furious,"746,930.00","267,889,885.00",0.002788
22,Churchill,"597,155.00","267,889,885.00",0.002229
22,Chris Brown: Welcome To My Life,"595,896.00","267,889,885.00",0.002224
22,How to be a Latin Lover,"383,989.00","267,889,885.00",0.001433
22,The Lovers,"372,211.00","267,889,885.00",0.001389
22,Smurfs: The Lost Village,"367,374.00","267,889,885.00",0.001371
22,Going in Style (2017),"353,901.00","267,889,885.00",0.001321
22,Lowriders,"309,415.00","267,889,885.00",0.001155
22,The Wedding Plan,"299,747.00","267,889,885.00",0.001119
22,Kong: Skull Island,"292,610.00","267,889,885.00",0.001092
22,Norman,"290,782.00","267,889,885.00",0.001085
22,Gifted,"283,007.00","267,889,885.00",0.001056
23,Wonder Woman,"86,004,227.00","211,069,987.00",0.407468
23,The Mummy (2017),"42,610,700.00","211,069,987.00",0.201879
23,Captain Underpants: The First Epic Movie,"18,351,148.00","211,069,987.00",0.086943
23,Pirates of the Caribbean: Dead Men Tell No Tales,"16,481,820.00","211,069,987.00",0.078087
23,Guardians of the Galaxy Vol. 2,"9,751,843.00","211,069,987.00",0.046202
23,It Comes At Night,"8,523,163.00","211,069,987.00",0.040381
23,Baywatch,"7,082,365.00","211,069,987.00",0.033555
23,Megan Leavey,"5,836,858.00","211,069,987.00",0.027654
23,Alien: Covenant,"2,773,773.00","211,069,987.00",0.013141
23,"Everything, Everything","2,683,016.00","211,069,987.00",0.012711
23,My Cousin Rachel,"1,444,163.00","211,069,987.00",0.006842
23,Diary of a Wimpy Kid: The Long Haul,"1,034,737.00","211,069,987.00",0.004902
23,The Boss Baby,"858,017.00","211,069,987.00",0.004065
23,Snatched,"750,898.00","211,069,987.00",0.003558
23,King Arthur: Legend of the Sword,"670,911.00","211,069,987.00",0.003179
23,The Fate of the Furious,"661,010.00","211,069,987.00",0.003132
23,Paris Can Wait,"646,586.00","211,069,987.00",0.003063
23,Beauty and the Beast (2017),"602,568.00","211,069,987.00",0.002855
23,3 Idiotas,"350,855.00","211,069,987.00",0.001662
23,Churchill,"310,469.00","211,069,987.00",0.001471
23,Going in Style (2017),"288,814.00","211,069,987.00",0.001368
23,Smurfs: The Lost Village,"275,278.00","211,069,987.00",0.001304
23,Black Butler: Book of the Atlantic,"248,286.00","211,069,987.00",0.001176
23,Kong: Skull Island,"216,507.00","211,069,987.00",0.001026
24,Cars 3,"74,707,893.00","292,582,805.00",0.255339
24,Wonder Woman,"59,378,428.00","292,582,805.00",0.202946
24,All Eyez on Me,"32,792,319.00","292,582,805.00",0.112079
24,Transformers: The Last Knight,"23,795,489.00","292,582,805.00",0.081329
24,The Mummy (2017),"20,072,970.00","292,582,805.00",0.068606
24,47 Meters Down,"16,825,932.00","292,582,805.00",0.057508
24,Pirates of the Caribbean: Dead Men Tell No Tales,"13,157,212.00","292,582,805.00",0.044969
24,Rough Night,"11,934,947.00","292,582,805.00",0.040792
24,Captain Underpants: The First Epic Movie,"10,849,516.00","292,582,805.00",0.037082
24,Guardians of the Galaxy Vol. 2,"7,342,312.00","292,582,805.00",0.025095
24,It Comes At Night,"3,720,006.00","292,582,805.00",0.012714
24,Megan Leavey,"3,687,315.00","292,582,805.00",0.012603
24,Baywatch,"2,360,389.00","292,582,805.00",0.008067
24,The Book of Henry,"2,157,355.00","292,582,805.00",0.007373
24,Paris Can Wait,"1,098,485.00","292,582,805.00",0.003754
24,Beatriz At Dinner,"989,752.00","292,582,805.00",0.003383
24,Alien: Covenant,"807,476.00","292,582,805.00",0.00276
24,My Cousin Rachel,"786,512.00","292,582,805.00",0.002688
24,"Everything, Everything","632,368.00","292,582,805.00",0.002161
24,The Boss Baby,"579,829.00","292,582,805.00",0.001982
24,Diary of a Wimpy Kid: The Long Haul,"461,919.00","292,582,805.00",0.001579
24,Beauty and the Beast (2017),"443,415.00","292,582,805.00",0.001516
24,The Fate of the Furious,"327,005.00","292,582,805.00",0.001118
25,Transformers: The Last Knight,"61,307,862.00","213,978,967.00",0.286513
25,Wonder Woman,"37,324,317.00","213,978,967.00",0.17443
25,Cars 3,"36,482,206.00","213,978,967.00",0.170494
25,47 Meters Down,"11,083,522.00","213,978,967.00",0.051797
25,The Mummy (2017),"9,033,170.00","213,978,967.00",0.042215
25,Baby Driver,"9,029,105.00","213,978,967.00",0.042196
25,Pirates of the Caribbean: Dead Men Tell No Tales,"8,290,261.00","213,978,967.00",0.038743
25,All Eyez on Me,"8,060,144.00","213,978,967.00",0.037668
25,Rough Night,"7,130,700.00","213,978,967.00",0.033324
25,Captain Underpants: The First Epic Movie,"6,682,617.00","213,978,967.00",0.03123
25,Guardians of the Galaxy Vol. 2,"4,630,648.00","213,978,967.00",0.021641
25,Beatriz At Dinner,"2,460,703.00","213,978,967.00",0.0115
25,Megan Leavey,"1,798,954.00","213,978,967.00",0.008407
25,The Book of Henry,"1,442,552.00","213,978,967.00",0.006742
25,It Comes At Night,"1,142,362.00","213,978,967.00",0.005339
25,Baywatch,"1,114,858.00","213,978,967.00",0.00521
25,Paris Can Wait,"860,447.00","213,978,967.00",0.004021
25,The Boss Baby,"561,433.00","213,978,967.00",0.002624
25,The Big Sick,"556,490.00","213,978,967.00",0.002601
25,Alien: Covenant,"487,847.00","213,978,967.00",0.00228
25,The Hero,"423,383.00","213,978,967.00",0.001979
25,The Beguiled (2017),"319,448.00","213,978,967.00",0.001493
25,My Cousin Rachel,"299,146.00","213,978,967.00",0.001398
25,"Everything, Everything","250,590.00","213,978,967.00",0.001171
25,Beauty and the Beast (2017),"246,113.00","213,978,967.00",0.00115
25,The Fate of the Furious,"237,990.00","213,978,967.00",0.001112
26,Despicable Me 3,"115,190,660.00","281,177,466.00",0.409672
26,Baby Driver,"35,103,967.00","281,177,466.00",0.124846
26,Wonder Woman,"28,121,716.00","281,177,466.00",0.100014
26,Transformers: The Last Knight,"27,513,409.00","281,177,466.00",0.097851
26,Cars 3,"16,907,313.00","281,177,466.00",0.06013
26,The House,"13,815,678.00","281,177,466.00",0.049135
26,47 Meters Down,"7,785,192.00","281,177,466.00",0.027688
26,The Mummy (2017),"5,093,430.00","281,177,466.00",0.018115
26,The Beguiled (2017),"5,029,886.00","281,177,466.00",0.017889
26,Pirates of the Caribbean: Dead Men Tell No Tales,"4,569,710.00","281,177,466.00",0.016252
26,All Eyez on Me,"2,857,576.00","281,177,466.00",0.010163
26,Guardians of the Galaxy Vol. 2,"2,856,031.00","281,177,466.00",0.010157
26,The Big Sick,"2,713,833.00","281,177,466.00",0.009652
26,Rough Night,"2,167,555.00","281,177,466.00",0.007709
26,Captain Underpants: The First Epic Movie,"2,057,747.00","281,177,466.00",0.007318
26,Beatriz At Dinner,"1,806,856.00","281,177,466.00",0.006426
26,The Hero,"1,477,648.00","281,177,466.00",0.005255
26,Megan Leavey,"904,994.00","281,177,466.00",0.003219
26,The Book of Henry,"522,012.00","281,177,466.00",0.001857
26,Paris Can Wait,"465,591.00","281,177,466.00",0.001656
26,The Boss Baby,"411,141.00","281,177,466.00",0.001462
26,Baywatch,"396,347.00","281,177,466.00",0.00141
26,The Fate of the Furious,"296,470.00","281,177,466.00",0.001054
27,Spider-Man: Homecoming,"163,070,314.00","303,727,093.00",0.536897
27,Despicable Me 3,"53,851,490.00","303,727,093.00",0.177302
27,Baby Driver,"20,268,785.00","303,727,093.00",0.066734
27,Wonder Woman,"15,149,887.00","303,727,093.00",0.04988
27,Transformers: The Last Knight,"9,491,859.00","303,727,093.00",0.031251
27,Cars 3,"8,767,088.00","303,727,093.00",0.028865
27,The House,"7,518,880.00","303,727,093.00",0.024755
27,The Big Sick,"5,166,501.00","303,727,093.00",0.01701
27,47 Meters Down,"4,302,461.00","303,727,093.00",0.014166
27,The Beguiled (2017),"3,123,235.00","303,727,093.00",0.010283
27,Pirates of the Caribbean: Dead Men Tell No Tales,"1,925,589.00","303,727,093.00",0.00634
27,The Mummy (2017),"1,813,760.00","303,727,093.00",0.005972
27,Guardians of the Galaxy Vol. 2,"1,362,384.00","303,727,093.00",0.004486
27,The Hero,"899,115.00","303,727,093.00",0.00296
27,All Eyez on Me,"871,234.00","303,727,093.00",0.002868
27,Beatriz At Dinner,"771,732.00","303,727,093.00",0.002541
27,Captain Underpants: The First Epic Movie,"627,835.00","303,727,093.00",0.002067
27,Rough Night,"454,105.00","303,727,093.00",0.001495
27,Megan Leavey,"374,139.00","303,727,093.00",0.001232
27,The Boss Baby,"342,526.00","303,727,093.00",0.001128
28,War for the Planet of the Apes,"77,350,914.00","243,073,696.00",0.31822
28,Spider-Man: Homecoming,"66,631,267.00","243,073,696.00",0.27412
28,Despicable Me 3,"31,566,075.00","243,073,696.00",0.129862
28,Baby Driver,"13,832,082.00","243,073,696.00",0.056905
28,The Big Sick,"11,102,554.00","243,073,696.00",0.045676
28,Wonder Woman,"10,602,201.00","243,073,696.00",0.043617
28,Wish Upon,"8,044,265.00","243,073,696.00",0.033094
28,Cars 3,"5,230,065.00","243,073,696.00",0.021516
28,Transformers: The Last Knight,"4,328,186.00","243,073,696.00",0.017806
28,The House,"2,691,690.00","243,073,696.00",0.011074
28,47 Meters Down,"1,827,350.00","243,073,696.00",0.007518
28,The Beguiled (2017),"1,430,865.00","243,073,696.00",0.005887
28,Guardians of the Galaxy Vol. 2,"833,112.00","243,073,696.00",0.003427
28,Pirates of the Caribbean: Dead Men Tell No Tales,"819,314.00","243,073,696.00",0.003371
28,Jagga Jasoos,"671,228.00","243,073,696.00",0.002761
28,Captain Underpants: The First Epic Movie,"572,862.00","243,073,696.00",0.002357
28,The Mummy (2017),"559,775.00","243,073,696.00",0.002303
28,The Hero,"501,691.00","243,073,696.00",0.002064
28,The Little Hours,"437,885.00","243,073,696.00",0.001801
28,Maudie,"380,985.00","243,073,696.00",0.001567
28,Beatriz At Dinner,"358,771.00","243,073,696.00",0.001476
28,The Boss Baby,"255,214.00","243,073,696.00",0.00105
28,Paris Can Wait,"244,706.00","243,073,696.00",0.001007
29,Dunkirk,"74,706,220.00","273,984,220.00",0.272666
29,Girls Trip,"45,439,220.00","273,984,220.00",0.165846
29,Spider-Man: Homecoming,"35,205,224.00","273,984,220.00",0.128494
29,War for the Planet of the Apes,"30,961,715.00","273,984,220.00",0.113005
29,Valerian and the City of a Thousand Planets,"23,826,147.00","273,984,220.00",0.086962
29,Despicable Me 3,"22,091,680.00","273,984,220.00",0.080631
29,Baby Driver,"9,762,249.00","273,984,220.00",0.035631
29,The Big Sick,"7,505,276.00","273,984,220.00",0.027393
29,Wonder Woman,"7,500,427.00","273,984,220.00",0.027375
29,Wish Upon,"3,934,647.00","273,984,220.00",0.014361
29,Cars 3,"3,333,528.00","273,984,220.00",0.012167
29,Transformers: The Last Knight,"1,797,674.00","273,984,220.00",0.006561
29,Captain Underpants: The First Epic Movie,"754,369.00","273,984,220.00",0.002753
29,The House,"689,180.00","273,984,220.00",0.002515
29,47 Meters Down,"685,853.00","273,984,220.00",0.002503
29,Maudie,"643,973.00","273,984,220.00",0.00235
29,Guardians of the Galaxy Vol. 2,"591,905.00","273,984,220.00",0.00216
29,The Beguiled (2017),"425,415.00","273,984,220.00",0.001553
29,Pirates of the Caribbean: Dead Men Tell No Tales,"421,961.00","273,984,220.00",0.00154
29,The Mummy (2017),"345,890.00","273,984,220.00",0.001262
30,Dunkirk,"41,249,518.00","221,008,338.00",0.186642
30,The Emoji Movie,"37,101,704.00","221,008,338.00",0.167875
30,Girls Trip,"28,585,800.00","221,008,338.00",0.129343
30,Atomic Blonde,"25,880,375.00","221,008,338.00",0.117101
30,Spider-Man: Homecoming,"21,200,971.00","221,008,338.00",0.095928
30,War for the Planet of the Apes,"15,967,626.00","221,008,338.00",0.072249
30,Despicable Me 3,"12,791,005.00","221,008,338.00",0.057876
30,Valerian and the City of a Thousand Planets,"9,915,736.00","221,008,338.00",0.044866
30,Baby Driver,"6,504,742.00","221,008,338.00",0.029432
30,Wonder Woman,"5,242,373.00","221,008,338.00",0.02372
30,The Big Sick,"4,719,774.00","221,008,338.00",0.021356
30,Cars 3,"1,652,852.00","221,008,338.00",0.007479
30,Wish Upon,"1,480,877.00","221,008,338.00",0.006701
30,Transformers: The Last Knight,"856,834.00","221,008,338.00",0.003877
30,A Ghost Story,"611,928.00","221,008,338.00",0.002769
30,Wolf Warrior 2,"603,419.00","221,008,338.00",0.00273
30,Maudie,"537,260.00","221,008,338.00",0.002431
30,Detroit,"515,482.00","221,008,338.00",0.002332
30,Captain Underpants: The First Epic Movie,"500,066.00","221,008,338.00",0.002263
30,Mubarakan,"491,623.00","221,008,338.00",0.002224
30,Guardians of the Galaxy Vol. 2,"458,028.00","221,008,338.00",0.002072
30,Pirates of the Caribbean: Dead Men Tell No Tales,"365,367.00","221,008,338.00",0.001653
30,The House,"316,474.00","221,008,338.00",0.001432
30,47 Meters Down,"310,059.00","221,008,338.00",0.001403
30,Lady Macbeth,"284,666.00","221,008,338.00",0.001288
30,The Mummy (2017),"278,805.00","221,008,338.00",0.001262
31,The Dark Tower,"26,430,764.00","184,482,349.00",0.14327
31,Dunkirk,"26,351,813.00","184,482,349.00",0.142842
31,The Emoji Movie,"19,885,243.00","184,482,349.00",0.107789
31,Girls Trip,"16,648,485.00","184,482,349.00",0.090244
31,Spider-Man: Homecoming,"14,245,918.00","184,482,349.00",0.077221
31,Kidnap (2017),"14,169,283.00","184,482,349.00",0.076806
31,Atomic Blonde,"12,366,850.00","184,482,349.00",0.067035
31,Detroit,"9,898,982.00","184,482,349.00",0.053658
31,War for the Planet of the Apes,"9,348,238.00","184,482,349.00",0.050673
31,Despicable Me 3,"9,115,535.00","184,482,349.00",0.049411
31,Baby Driver,"4,090,997.00","184,482,349.00",0.022176
31,Valerian and the City of a Thousand Planets,"3,716,111.00","184,482,349.00",0.020143
31,Wonder Woman,"3,582,006.00","184,482,349.00",0.019417
31,The Big Sick,"3,179,420.00","184,482,349.00",0.017234
31,Jab Harry Met Sejal,"1,664,648.00","184,482,349.00",0.009023
31,An Inconvenient Sequel: Truth to Power,"1,343,290.00","184,482,349.00",0.007281
31,Cars 3,"913,251.00","184,482,349.00",0.00495
31,Wolf Warrior 2,"909,908.00","184,482,349.00",0.004932
31,Guardians of the Galaxy Vol. 2,"676,513.00","184,482,349.00",0.003667
31,Transformers: The Last Knight,"460,170.00","184,482,349.00",0.002494
31,Wish Upon,"449,538.00","184,482,349.00",0.002437
31,47 Meters Down,"396,687.00","184,482,349.00",0.00215
31,Maudie,"395,636.00","184,482,349.00",0.002145
31,Captain Underpants: The First Epic Movie,"342,494.00","184,482,349.00",0.001857
31,Landline,"338,073.00","184,482,349.00",0.001833
31,Pirates of the Caribbean: Dead Men Tell No Tales,"295,562.00","184,482,349.00",0.001602
31,Lady Macbeth,"268,480.00","184,482,349.00",0.001455
31,A Ghost Story,"243,197.00","184,482,349.00",0.001318
31,Wind River,"228,218.00","184,482,349.00",0.001237
31,Mubarakan,"222,746.00","184,482,349.00",0.001207
31,The Mummy (2017),"204,475.00","184,482,349.00",0.001108
31,Step (2017),"200,366.00","184,482,349.00",0.001086
32,Annabelle: Creation,"48,544,221.00","173,126,193.00",0.280398
32,Dunkirk,"16,500,528.00","173,126,193.00",0.095309
32,The Nut Job 2: Nutty by Nature,"12,583,645.00","173,126,193.00",0.072685
32,The Dark Tower,"11,453,614.00","173,126,193.00",0.066158
32,The Emoji Movie,"10,430,405.00","173,126,193.00",0.060247
32,Girls Trip,"9,468,640.00","173,126,193.00",0.054692
32,Spider-Man: Homecoming,"9,447,687.00","173,126,193.00",0.054571
32,Kidnap (2017),"7,396,400.00","173,126,193.00",0.042723
32,The Glass Castle,"7,156,381.00","173,126,193.00",0.041336
32,Atomic Blonde,"6,731,630.00","173,126,193.00",0.038883
32,War for the Planet of the Apes,"5,318,710.00","173,126,193.00",0.030722
32,Despicable Me 3,"5,094,075.00","173,126,193.00",0.029424
32,Detroit,"4,253,999.00","173,126,193.00",0.024572
32,Baby Driver,"2,241,514.00","173,126,193.00",0.012947
32,Wonder Woman,"2,180,291.00","173,126,193.00",0.012594
32,The Big Sick,"2,121,582.00","173,126,193.00",0.012255
32,Valerian and the City of a Thousand Planets,"1,372,734.00","173,126,193.00",0.007929
32,An Inconvenient Sequel: Truth to Power,"1,197,988.00","173,126,193.00",0.00692
32,Toilet: Ek Prem Katha,"989,559.00","173,126,193.00",0.005716
32,Wind River,"885,051.00","173,126,193.00",0.005112
32,Wolf Warrior 2,"630,536.00","173,126,193.00",0.003642
32,A Taxi Driver,"576,550.00","173,126,193.00",0.00333
32,Cars 3,"529,571.00","173,126,193.00",0.003059
32,Step (2017),"403,887.00","173,126,193.00",0.002333
32,Guardians of the Galaxy Vol. 2,"385,447.00","173,126,193.00",0.002226
32,Transformers: The Last Knight,"377,372.00","173,126,193.00",0.00218
32,Once Upon A Time,"357,902.00","173,126,193.00",0.002067
32,Fairy Tail: Dragon Cry,"350,258.00","173,126,193.00",0.002023
32,Maudie,"262,842.00","173,126,193.00",0.001518
32,Menashe,"261,437.00","173,126,193.00",0.00151
32,Captain Underpants: The First Epic Movie,"245,175.00","173,126,193.00",0.001416
32,The Battleship Island,"238,172.00","173,126,193.00",0.001376
32,47 Meters Down,"217,010.00","173,126,193.00",0.001253
32,Landline,"209,673.00","173,126,193.00",0.001211
32,The House,"192,323.00","173,126,193.00",0.001111
32,Good Time,"175,963.00","173,126,193.00",0.001016
32,Pirates of the Caribbean: Dead Men Tell No Tales,"173,842.00","173,126,193.00",0.001004
32,Ingrid Goes West,"173,118.00","173,126,193.00",0.001
33,The Hitman's Bodyguard,"29,564,004.00","138,691,881.00",0.213163
33,Annabelle: Creation,"21,986,163.00","138,691,881.00",0.158525
33,Logan Lucky,"10,667,414.00","138,691,881.00",0.076914
33,Dunkirk,"9,720,951.00","138,691,881.00",0.07009
33,The Nut Job 2: Nutty by Nature,"7,651,081.00","138,691,881.00",0.055166
33,The Emoji Movie,"6,664,119.00","138,691,881.00",0.04805
33,Spider-Man: Homecoming,"6,316,701.00","138,691,881.00",0.045545
33,Girls Trip,"5,663,380.00","138,691,881.00",0.040834
33,The Dark Tower,"5,435,197.00","138,691,881.00",0.039189
33,Wind River,"4,316,944.00","138,691,881.00",0.031126
33,Kidnap (2017),"4,103,655.00","138,691,881.00",0.029588
33,The Glass Castle,"3,955,472.00","138,691,881.00",0.02852
33,Atomic Blonde,"3,191,580.00","138,691,881.00",0.023012
33,Despicable Me 3,"3,152,860.00","138,691,881.00",0.022733
33,War for the Planet of the Apes,"2,926,692.00","138,691,881.00",0.021102
33,Wonder Woman,"1,609,685.00","138,691,881.00",0.011606
33,The Big Sick,"1,415,963.00","138,691,881.00",0.010209
33,Baby Driver,"1,305,505.00","138,691,881.00",0.009413
33,Detroit,"1,253,223.00","138,691,881.00",0.009036
33,Valerian and the City of a Thousand Planets,"608,004.00","138,691,881.00",0.004384
33,An Inconvenient Sequel: Truth to Power,"551,743.00","138,691,881.00",0.003978
33,Toilet: Ek Prem Katha,"548,118.00","138,691,881.00",0.003952
33,A Taxi Driver,"427,017.00","138,691,881.00",0.003079
33,Cars 3,"373,387.00","138,691,881.00",0.002692
33,Ingrid Goes West,"366,632.00","138,691,881.00",0.002644
33,Menashe,"315,901.00","138,691,881.00",0.002278
33,Step (2017),"302,337.00","138,691,881.00",0.00218
33,Wolf Warrior 2,"302,104.00","138,691,881.00",0.002178
33,Pirates of the Caribbean: Dead Men Tell No Tales,"269,717.00","138,691,881.00",0.001945
33,Guardians of the Galaxy Vol. 2,"260,873.00","138,691,881.00",0.001881
33,Good Time,"242,500.00","138,691,881.00",0.001748
33,Transformers: The Last Knight,"239,828.00","138,691,881.00",0.001729
33,Brigsby Bear,"232,888.00","138,691,881.00",0.001679
33,47 Meters Down,"202,501.00","138,691,881.00",0.00146
33,Maudie,"175,582.00","138,691,881.00",0.001266
34,The Hitman's Bodyguard,"15,130,210.00","98,930,199.00",0.152938
34,Annabelle: Creation,"11,145,214.00","98,930,199.00",0.112657
34,Wind River,"6,992,224.00","98,930,199.00",0.070678
34,Leap!,"6,494,803.00","98,930,199.00",0.06565
34,Logan Lucky,"6,363,072.00","98,930,199.00",0.064319
34,Dunkirk,"6,100,515.00","98,930,199.00",0.061665
34,Spider-Man: Homecoming,"4,283,464.00","98,930,199.00",0.043298
34,The Emoji Movie,"3,795,243.00","98,930,199.00",0.038363
34,Birth of the Dragon,"3,657,820.00","98,930,199.00",0.036974
34,The Nut Job 2: Nutty by Nature,"3,605,778.00","98,930,199.00",0.036448
34,Girls Trip,"3,453,990.00","98,930,199.00",0.034913
34,Despicable Me 3,"2,681,850.00","98,930,199.00",0.027109
34,The Dark Tower,"2,512,319.00","98,930,199.00",0.025395
34,Wonder Woman,"2,500,960.00","98,930,199.00",0.02528
34,The Glass Castle,"2,237,906.00","98,930,199.00",0.022621
34,All Saints,"2,196,923.00","98,930,199.00",0.022207
34,Kidnap (2017),"2,073,530.00","98,930,199.00",0.02096
34,Baby Driver,"1,916,310.00","98,930,199.00",0.01937
34,War for the Planet of the Apes,"1,380,868.00","98,930,199.00",0.013958
34,Atomic Blonde,"1,310,945.00","98,930,199.00",0.013251
34,Ingrid Goes West,"1,170,395.00","98,930,199.00",0.011831
34,The Big Sick,"1,074,066.00","98,930,199.00",0.010857
34,Good Time,"895,140.00","98,930,199.00",0.009048
34,Terminator 2: Judgment Day [Rerelease],"753,812.00","98,930,199.00",0.00762
34,Detroit,"401,229.00","98,930,199.00",0.004056
34,Valerian and the City of a Thousand Planets,"386,687.00","98,930,199.00",0.003909
34,The Only Living Boy in New York,"286,313.00","98,930,199.00",0.002894
34,A Gentleman,"275,075.00","98,930,199.00",0.00278
34,Menashe,"247,891.00","98,930,199.00",0.002506
34,Cars 3,"240,715.00","98,930,199.00",0.002433
34,A Taxi Driver,"223,881.00","98,930,199.00",0.002263
34,Patti Cake$,"195,882.00","98,930,199.00",0.00198
34,Pirates of the Caribbean: Dead Men Tell No Tales,"186,417.00","98,930,199.00",0.001884
34,Toilet: Ek Prem Katha,"183,575.00","98,930,199.00",0.001856
34,The Trip to Spain,"173,406.00","98,930,199.00",0.001753
34,Guardians of the Galaxy Vol. 2,"160,937.00","98,930,199.00",0.001627
34,47 Meters Down,"157,897.00","98,930,199.00",0.001596
34,Wolf Warrior 2,"156,989.00","98,930,199.00",0.001587
34,An Inconvenient Sequel: Truth to Power,"149,559.00","98,930,199.00",0.001512
34,Maudie,"137,748.00","98,930,199.00",0.001392
34,Captain Underpants: The First Epic Movie,"135,131.00","98,930,199.00",0.001366
34,Step (2017),"110,009.00","98,930,199.00",0.001112
34,Gook,"100,324.00","98,930,199.00",0.001014
35,The Hitman's Bodyguard,"15,352,793.00","112,581,512.00",0.13637
35,Annabelle: Creation,"10,591,412.00","112,581,512.00",0.094078
35,Wind River,"9,369,555.00","112,581,512.00",0.083225
35,Leap!,"6,879,633.00","112,581,512.00",0.061108
35,Dunkirk,"6,530,734.00","112,581,512.00",0.058009
35,Logan Lucky,"6,371,755.00","112,581,512.00",0.056597
35,Spider-Man: Homecoming,"5,286,248.00","112,581,512.00",0.046955
35,The Emoji Movie,"3,580,144.00","112,581,512.00",0.0318
35,Despicable Me 3,"3,512,945.00","112,581,512.00",0.031204
35,Girls Trip,"3,298,955.00","112,581,512.00",0.029303
35,The Nut Job 2: Nutty by Nature,"3,051,390.00","112,581,512.00",0.027104
35,Wonder Woman,"2,822,121.00","112,581,512.00",0.025067
35,Cars 3,"2,605,640.00","112,581,512.00",0.023144
35,Close Encounters of the Third Kind [Rerelease],"2,581,070.00","112,581,512.00",0.022926
35,Birth of the Dragon,"2,567,665.00","112,581,512.00",0.022807
35,The Dark Tower,"2,321,567.00","112,581,512.00",0.020621
35,Kidnap (2017),"2,258,247.00","112,581,512.00",0.020059
35,The Glass Castle,"2,195,126.00","112,581,512.00",0.019498
35,Baby Driver,"2,087,022.00","112,581,512.00",0.018538
35,The Big Sick,"1,993,435.00","112,581,512.00",0.017707
35,All Saints,"1,942,354.00","112,581,512.00",0.017253
35,Tulip Fever,"1,650,220.00","112,581,512.00",0.014658
35,Do It Like An Hombre,"1,646,851.00","112,581,512.00",0.014628
35,War for the Planet of the Apes,"1,623,942.00","112,581,512.00",0.014425
35,Inhumans,"1,521,787.00","112,581,512.00",0.013517
35,Atomic Blonde,"1,269,890.00","112,581,512.00",0.01128
35,Ingrid Goes West,"892,955.00","112,581,512.00",0.007932
35,Good Time,"497,837.00","112,581,512.00",0.004422
35,Shubh Mangal Saavdhan,"383,453.00","112,581,512.00",0.003406
35,Valerian and the City of a Thousand Planets,"377,586.00","112,581,512.00",0.003354
35,Patti Cake$,"366,220.00","112,581,512.00",0.003253
35,The Trip to Spain,"326,682.00","112,581,512.00",0.002902
35,Detroit,"317,712.00","112,581,512.00",0.002822
35,47 Meters Down,"306,043.00","112,581,512.00",0.002718
35,Menashe,"295,111.00","112,581,512.00",0.002621
35,Guardians of the Galaxy Vol. 2,"277,709.00","112,581,512.00",0.002467
35,Pirates of the Caribbean: Dead Men Tell No Tales,"270,671.00","112,581,512.00",0.002404
35,Terminator 2: Judgment Day [Rerelease],"263,297.00","112,581,512.00",0.002339
35,I Do... Until I Don't,"235,937.00","112,581,512.00",0.002096
35,Megan Leavey,"207,109.00","112,581,512.00",0.00184
35,A Taxi Driver,"181,466.00","112,581,512.00",0.001612
35,Captain Underpants: The First Epic Movie,"178,875.00","112,581,512.00",0.001589
35,Columbus,"166,925.00","112,581,512.00",0.001483
35,Valley of Bones,"164,738.00","112,581,512.00",0.001463
35,Maudie,"146,219.00","112,581,512.00",0.001299
35,A Gentleman,"125,781.00","112,581,512.00",0.001117
36,It,"158,710,619.00","215,789,177.00",0.735489
36,Home Again,"11,801,084.00","215,789,177.00",0.054688
36,The Hitman's Bodyguard,"6,760,033.00","215,789,177.00",0.031327
36,Annabelle: Creation,"5,033,351.00","215,789,177.00",0.023325
36,Wind River,"4,776,823.00","215,789,177.00",0.022137
36,Leap!,"3,167,350.00","215,789,177.00",0.014678
36,Spider-Man: Homecoming,"2,699,454.00","215,789,177.00",0.01251
36,Dunkirk,"2,676,373.00","215,789,177.00",0.012403
36,Logan Lucky,"2,427,860.00","215,789,177.00",0.011251
36,The Emoji Movie,"1,453,177.00","215,789,177.00",0.006734
36,Girls Trip,"1,208,785.00","215,789,177.00",0.005602
36,Despicable Me 3,"1,189,270.00","215,789,177.00",0.005511
36,The Dark Tower,"1,011,644.00","215,789,177.00",0.004688
36,Wonder Woman,"921,158.00","215,789,177.00",0.004269
36,The Glass Castle,"827,442.00","215,789,177.00",0.003834
36,The Nut Job 2: Nutty by Nature,"739,885.00","215,789,177.00",0.003429
36,All Saints,"723,458.00","215,789,177.00",0.003353
36,True to the Game,"696,401.00","215,789,177.00",0.003227
36,May It Last: A Portrait Of The Avett Brothers,"671,089.00","215,789,177.00",0.00311
36,Baby Driver,"636,130.00","215,789,177.00",0.002948
36,War for the Planet of the Apes,"633,805.00","215,789,177.00",0.002937
36,The Big Sick,"620,427.00","215,789,177.00",0.002875
36,Do It Like An Hombre,"535,677.00","215,789,177.00",0.002482
36,Birth of the Dragon,"484,720.00","215,789,177.00",0.002246
36,Tulip Fever,"472,501.00","215,789,177.00",0.00219
36,Close Encounters of the Third Kind [Rerelease],"452,334.00","215,789,177.00",0.002096
36,Atomic Blonde,"429,445.00","215,789,177.00",0.00199
36,Cars 3,"369,101.00","215,789,177.00",0.00171
36,Kidnap (2017),"299,767.00","215,789,177.00",0.001389
36,Ingrid Goes West,"224,848.00","215,789,177.00",0.001042
37,It,"77,628,262.00","147,715,951.00",0.525524
37,American Assassin,"19,929,459.00","147,715,951.00",0.134917
37,mother!,"10,169,018.00","147,715,951.00",0.068842
37,Home Again,"7,234,747.00","147,715,951.00",0.048977
37,The Hitman's Bodyguard,"4,940,939.00","147,715,951.00",0.033449
37,Wind River,"3,818,934.00","147,715,951.00",0.025853
37,Annabelle: Creation,"3,076,335.00","147,715,951.00",0.020826
37,Leap!,"2,760,768.00","147,715,951.00",0.01869
37,Spider-Man: Homecoming,"2,406,414.00","147,715,951.00",0.016291
37,Dunkirk,"1,872,655.00","147,715,951.00",0.012677
37,Logan Lucky,"1,382,380.00","147,715,951.00",0.009358
37,The Emoji Movie,"1,241,086.00","147,715,951.00",0.008402
37,Despicable Me 3,"1,066,470.00","147,715,951.00",0.00722
37,The Dark Tower,"990,370.00","147,715,951.00",0.006705
37,Wonder Woman,"889,911.00","147,715,951.00",0.006024
37,Girls Trip,"811,415.00","147,715,951.00",0.005493
37,All Saints,"585,072.00","147,715,951.00",0.003961
37,The Nut Job 2: Nutty by Nature,"563,653.00","147,715,951.00",0.003816
37,The Glass Castle,"552,009.00","147,715,951.00",0.003737
37,War for the Planet of the Apes,"474,944.00","147,715,951.00",0.003215
37,Baby Driver,"433,152.00","147,715,951.00",0.002932
37,The Big Sick,"431,786.00","147,715,951.00",0.002923
37,Viceroy's House,"291,963.00","147,715,951.00",0.001977
37,True to the Game,"279,223.00","147,715,951.00",0.00189
37,Atomic Blonde,"274,100.00","147,715,951.00",0.001856
37,Do It Like An Hombre,"230,977.00","147,715,951.00",0.001564
37,Cars 3,"212,147.00","147,715,951.00",0.001436
37,Tulip Fever,"186,408.00","147,715,951.00",0.001262
37,The Trip to Spain,"178,969.00","147,715,951.00",0.001212
37,Birth of the Dragon,"170,255.00","147,715,951.00",0.001153
37,Kidnap (2017),"164,721.00","147,715,951.00",0.001115
38,Kingsman: The Golden Circle,"49,701,588.00","152,926,131.00",0.325004
38,It,"37,533,909.00","152,926,131.00",0.245438
38,The LEGO Ninjago Movie,"23,556,065.00","152,926,131.00",0.154036
38,American Assassin,"8,619,122.00","152,926,131.00",0.056361
38,mother!,"4,691,828.00","152,926,131.00",0.03068
38,Home Again,"4,389,734.00","152,926,131.00",0.028705
38,Friend Request,"2,682,957.00","152,926,131.00",0.017544
38,Stronger,"2,242,077.00","152,926,131.00",0.014661
38,The Hitman's Bodyguard,"2,197,149.00","152,926,131.00",0.014367
38,Wind River,"1,801,610.00","152,926,131.00",0.011781
38,Jeepers Creepers 3,"1,773,763.00","152,926,131.00",0.011599
38,Spider-Man: Homecoming,"1,324,655.00","152,926,131.00",0.008662
38,Brad's Status,"1,252,207.00","152,926,131.00",0.008188
38,Steve McQueen: American Icon,"1,229,782.00","152,926,131.00",0.008042
38,Leap!,"1,124,656.00","152,926,131.00",0.007354
38,Annabelle: Creation,"890,334.00","152,926,131.00",0.005822
38,Dunkirk,"841,642.00","152,926,131.00",0.005504
38,Battle of the Sexes,"676,733.00","152,926,131.00",0.004425
38,Despicable Me 3,"601,445.00","152,926,131.00",0.003933
38,The Emoji Movie,"500,862.00","152,926,131.00",0.003275
38,Wonder Woman,"428,236.00","152,926,131.00",0.0028
38,Logan Lucky,"344,436.00","152,926,131.00",0.002252
38,War for the Planet of the Apes,"330,205.00","152,926,131.00",0.002159
38,Baby Driver,"327,088.00","152,926,131.00",0.002139
38,Girls Trip,"314,440.00","152,926,131.00",0.002056
38,The Dark Tower,"274,673.00","152,926,131.00",0.001796
38,Viceroy's House,"257,577.00","152,926,131.00",0.001684
38,Victoria and Abdul,"220,345.00","152,926,131.00",0.001441
38,All Saints,"191,143.00","152,926,131.00",0.00125
38,The Nut Job 2: Nutty by Nature,"175,090.00","152,926,131.00",0.001145
38,The Glass Castle,"172,858.00","152,926,131.00",0.00113
39,American Made,"22,371,960.00","120,143,224.00",0.186211
39,Kingsman: The Golden Circle,"22,162,837.00","120,143,224.00",0.18447
39,It,"21,405,688.00","120,143,224.00",0.178168
39,The LEGO Ninjago Movie,"13,517,598.00","120,143,224.00",0.112512
39,Flatliners (2017),"8,529,602.00","120,143,224.00",0.070995
39,Battle of the Sexes,"4,601,058.00","120,143,224.00",0.038296
39,American Assassin,"4,512,696.00","120,143,224.00",0.037561
39,Home Again,"2,359,781.00","120,143,224.00",0.019641
39,mother!,"2,048,690.00","120,143,224.00",0.017052
39,Til Death Do Us Part,"1,920,047.00","120,143,224.00",0.015981
39,Victoria and Abdul,"1,595,049.00","120,143,224.00",0.013276
39,Mully,"1,489,771.00","120,143,224.00",0.0124
39,A Question Of Faith,"1,335,256.00","120,143,224.00",0.011114
39,Stronger,"1,250,296.00","120,143,224.00",0.010407
39,Friend Request,"942,213.00","120,143,224.00",0.007842
39,The Hitman's Bodyguard,"906,544.00","120,143,224.00",0.007546
39,Judwaa 2,"871,989.00","120,143,224.00",0.007258
39,Wind River,"837,425.00","120,143,224.00",0.00697
39,Spider-Man: Homecoming,"734,787.00","120,143,224.00",0.006116
39,Leap!,"577,819.00","120,143,224.00",0.004809
39,Brad's Status,"551,865.00","120,143,224.00",0.004593
39,Dunkirk,"486,340.00","120,143,224.00",0.004048
39,Jeepers Creepers 3,"461,399.00","120,143,224.00",0.00384
39,Despicable Me 3,"443,010.00","120,143,224.00",0.003687
39,Annabelle: Creation,"374,061.00","120,143,224.00",0.003113
39,Pearl Jam - Let's Play Two,"324,891.00","120,143,224.00",0.002704
39,The Emoji Movie,"315,816.00","120,143,224.00",0.002629
39,Wonder Woman,"233,496.00","120,143,224.00",0.001943
39,Chasing the Dragon,"221,727.00","120,143,224.00",0.001846
39,War for the Planet of the Apes,"182,425.00","120,143,224.00",0.001518
39,Baby Driver,"180,416.00","120,143,224.00",0.001502
39,Viceroy's House,"163,629.00","120,143,224.00",0.001362
39,The Dark Tower,"160,982.00","120,143,224.00",0.00134
39,Girls Trip,"151,875.00","120,143,224.00",0.001264
39,Logan Lucky,"121,934.00","120,143,224.00",0.001015
40,Blade Runner 2049,"45,478,387.00","149,160,302.00",0.304896
40,The Mountain Between Us,"14,852,922.00","149,160,302.00",0.099577
40,It,"13,601,043.00","149,160,302.00",0.091184
40,Kingsman: The Golden Circle,"12,472,615.00","149,160,302.00",0.083619
40,American Made,"12,357,905.00","149,160,302.00",0.08285
40,My Little Pony: The Movie,"11,513,434.00","149,160,302.00",0.077188
40,The LEGO Ninjago Movie,"10,189,026.00","149,160,302.00",0.068309
40,Victoria and Abdul,"6,411,550.00","149,160,302.00",0.042984
40,Flatliners (2017),"5,598,369.00","149,160,302.00",0.037533
40,Battle of the Sexes,"3,745,688.00","149,160,302.00",0.025112
40,American Assassin,"2,021,232.00","149,160,302.00",0.013551
40,Til Death Do Us Part,"1,019,922.00","149,160,302.00",0.006838
40,The Stray,"904,993.00","149,160,302.00",0.006067
40,Home Again,"848,680.00","149,160,302.00",0.00569
40,A Question Of Faith,"706,038.00","149,160,302.00",0.004733
40,mother!,"596,868.00","149,160,302.00",0.004002
40,Stronger,"431,984.00","149,160,302.00",0.002896
40,Judwaa 2,"430,712.00","149,160,302.00",0.002888
40,Despicable Me 3,"422,105.00","149,160,302.00",0.00283
40,Spider-Man: Homecoming,"392,324.00","149,160,302.00",0.00263
40,Dunkirk,"362,886.00","149,160,302.00",0.002433
40,The Emoji Movie,"338,692.00","149,160,302.00",0.002271
40,Leap!,"321,496.00","149,160,302.00",0.002155
40,Wind River,"320,921.00","149,160,302.00",0.002152
40,Loving Vincent,"298,750.00","149,160,302.00",0.002003
40,The Hitman's Bodyguard,"252,213.00","149,160,302.00",0.001691
40,The Florida Project,"222,808.00","149,160,302.00",0.001494
40,City of Rock,"179,343.00","149,160,302.00",0.001202
40,Annabelle: Creation,"176,402.00","149,160,302.00",0.001183
40,Brad's Status,"171,527.00","149,160,302.00",0.00115
40,Lucky (2017),"166,492.00","149,160,302.00",0.001116
40,Cars 3,"164,025.00","149,160,302.00",0.0011
41,Happy Death Day,"31,309,365.00","131,680,443.00",0.237768
41,Blade Runner 2049,"21,371,816.00","131,680,443.00",0.162301
41,The Foreigner,"17,394,253.00","131,680,443.00",0.132094
41,The Mountain Between Us,"7,925,963.00","131,680,443.00",0.060191
41,It,"7,855,095.00","131,680,443.00",0.059653
41,American Made,"7,611,870.00","131,680,443.00",0.057806
41,Kingsman: The Golden Circle,"7,231,892.00","131,680,443.00",0.05492
41,The LEGO Ninjago Movie,"5,220,813.00","131,680,443.00",0.039648
41,My Little Pony: The Movie,"5,016,165.00","131,680,443.00",0.038093
41,Victoria and Abdul,"4,483,590.00","131,680,443.00",0.034049
41,Marshall,"3,951,991.00","131,680,443.00",0.030012
41,Flatliners (2017),"2,067,080.00","131,680,443.00",0.015698
41,Battle of the Sexes,"1,843,688.00","131,680,443.00",0.014001
41,Professor Marston & the Wonder Women,"1,080,446.00","131,680,443.00",0.008205
41,American Assassin,"726,657.00","131,680,443.00",0.005518
41,The Florida Project,"515,815.00","131,680,443.00",0.003917
41,Loving Vincent,"506,177.00","131,680,443.00",0.003844
41,The Stray,"426,402.00","131,680,443.00",0.003238
41,Spider-Man: Homecoming,"370,987.00","131,680,443.00",0.002817
41,Til Death Do Us Part,"368,390.00","131,680,443.00",0.002798
41,Despicable Me 3,"303,545.00","131,680,443.00",0.002305
41,Dunkirk,"230,658.00","131,680,443.00",0.001752
41,The Emoji Movie,"228,370.00","131,680,443.00",0.001734
41,A Question Of Faith,"226,303.00","131,680,443.00",0.001719
41,Home Again,"224,628.00","131,680,443.00",0.001706
41,mother!,"193,643.00","131,680,443.00",0.001471
41,Lucky (2017),"170,700.00","131,680,443.00",0.001296
41,Mark Felt: The Man Who Brought Down the White House,"165,793.00","131,680,443.00",0.001259
41,Stronger,"163,153.00","131,680,443.00",0.001239
41,American Satan,"162,529.00","131,680,443.00",0.001234
41,Wind River,"158,020.00","131,680,443.00",0.0012
41,Annabelle: Creation,"148,904.00","131,680,443.00",0.001131
42,Tyler Perry's Boo 2! A Madea Halloween,"25,521,643.00","127,532,097.00",0.200119
42,Geostorm,"17,878,368.00","127,532,097.00",0.140187
42,Happy Death Day,"11,986,160.00","127,532,097.00",0.093985
42,Blade Runner 2049,"10,570,582.00","127,532,097.00",0.082886
42,Only The Brave,"8,490,057.00","127,532,097.00",0.066572
42,The Foreigner,"8,223,065.00","127,532,097.00",0.064478
42,It,"4,630,586.00","127,532,097.00",0.036309
42,The Snowman,"4,586,585.00","127,532,097.00",0.035964
42,American Made,"4,463,465.00","127,532,097.00",0.034999
42,Kingsman: The Golden Circle,"4,119,946.00","127,532,097.00",0.032305
42,The Mountain Between Us,"3,942,958.00","127,532,097.00",0.030917
42,Same Kind of Different as Me,"3,524,285.00","127,532,097.00",0.027634
42,Victoria and Abdul,"3,389,705.00","127,532,097.00",0.026579
42,The LEGO Ninjago Movie,"2,700,248.00","127,532,097.00",0.021173
42,My Little Pony: The Movie,"2,494,409.00","127,532,097.00",0.019559
42,Marshall,"2,092,310.00","127,532,097.00",0.016406
42,The Florida Project,"871,150.00","127,532,097.00",0.006831
42,Battle of the Sexes,"832,646.00","127,532,097.00",0.006529
42,Loving Vincent,"733,298.00","127,532,097.00",0.00575
42,Professor Marston & the Wonder Women,"391,987.00","127,532,097.00",0.003074
42,Flatliners (2017),"390,748.00","127,532,097.00",0.003064
42,Mark Felt: The Man Who Brought Down the White House,"271,079.00","127,532,097.00",0.002126
42,Breathe (2017),"256,051.00","127,532,097.00",0.002008
42,Despicable Me 3,"246,515.00","127,532,097.00",0.001933
42,A Silent Voice,"233,981.00","127,532,097.00",0.001835
42,American Assassin,"227,335.00","127,532,097.00",0.001783
42,Goodbye Christopher Robin,"223,531.00","127,532,097.00",0.001753
42,Spider-Man: Homecoming,"206,645.00","127,532,097.00",0.00162
42,Lucky (2017),"199,890.00","127,532,097.00",0.001567
42,The Killing of a Sacred Deer,"170,921.00","127,532,097.00",0.00134
42,The Emoji Movie,"167,576.00","127,532,097.00",0.001314
42,Dunkirk,"160,056.00","127,532,097.00",0.001255
42,The Hitman's Bodyguard,"152,015.00","127,532,097.00",0.001192
42,Human Flow,"142,226.00","127,532,097.00",0.001115
42,The Stray,"133,449.00","127,532,097.00",0.001046
43,Jigsaw,"22,136,471.00","109,445,607.00",0.20226
43,Tyler Perry's Boo 2! A Madea Halloween,"12,786,780.00","109,445,607.00",0.116832
43,Geostorm,"7,856,973.00","109,445,607.00",0.071789
43,Happy Death Day,"6,857,980.00","109,445,607.00",0.062661
43,Blade Runner 2049,"5,800,345.00","109,445,607.00",0.052998
43,Thank You for Your Service (2017),"5,094,730.00","109,445,607.00",0.04655
43,Only The Brave,"4,890,410.00","109,445,607.00",0.044683
43,The Foreigner,"4,780,665.00","109,445,607.00",0.043681
43,A Bad Moms Christmas,"4,526,106.00","109,445,607.00",0.041355
43,Suburbicon,"3,896,570.00","109,445,607.00",0.035603
43,It,"3,513,232.00","109,445,607.00",0.0321
43,Victoria and Abdul,"2,554,480.00","109,445,607.00",0.02334
43,Let there be Light,"2,392,356.00","109,445,607.00",0.021859
43,American Made,"2,374,635.00","109,445,607.00",0.021697
43,Kingsman: The Golden Circle,"2,175,174.00","109,445,607.00",0.019874
43,The Snowman,"1,786,695.00","109,445,607.00",0.016325
43,Same Kind of Different as Me,"1,782,135.00","109,445,607.00",0.016283
43,The Mountain Between Us,"1,772,944.00","109,445,607.00",0.016199
43,The LEGO Ninjago Movie,"1,535,073.00","109,445,607.00",0.014026
43,Marshall,"1,276,468.00","109,445,607.00",0.011663
43,My Little Pony: The Movie,"1,234,543.00","109,445,607.00",0.01128
43,Spirited Away,"1,196,791.00","109,445,607.00",0.010935
43,Loving Vincent,"784,583.00","109,445,607.00",0.007169
43,The Florida Project,"753,170.00","109,445,607.00",0.006882
43,Goodbye Christopher Robin,"503,349.00","109,445,607.00",0.004599
43,Battle of the Sexes,"432,633.00","109,445,607.00",0.003953
43,I'll Push You,"378,899.00","109,445,607.00",0.003462
43,The Killing of a Sacred Deer,"336,004.00","109,445,607.00",0.00307
43,Despicable Me 3,"235,450.00","109,445,607.00",0.002151
43,Little Shop of Horrors [Rerelease],"233,865.00","109,445,607.00",0.002137
43,All I See is You,"208,360.00","109,445,607.00",0.001904
43,Jane (2017),"207,984.00","109,445,607.00",0.0019
43,Wonderstruck,"182,237.00","109,445,607.00",0.001665
43,Flatliners (2017),"178,909.00","109,445,607.00",0.001635
43,Lucky (2017),"147,440.00","109,445,607.00",0.001347
43,Mark Felt: The Man Who Brought Down the White House,"137,134.00","109,445,607.00",0.001253
43,Spider-Man: Homecoming,"128,876.00","109,445,607.00",0.001178
43,Faces Places,"121,496.00","109,445,607.00",0.00111
43,The Emoji Movie,"120,440.00","109,445,607.00",0.0011
44,Thor: Ragnarok,"154,989,707.00","236,569,835.00",0.655154
44,A Bad Moms Christmas,"23,837,520.00","236,569,835.00",0.100763
44,Jigsaw,"8,797,622.00","236,569,835.00",0.037188
44,Tyler Perry's Boo 2! A Madea Halloween,"5,542,040.00","236,569,835.00",0.023427
44,Geostorm,"4,343,551.00","236,569,835.00",0.018361
44,Happy Death Day,"3,488,100.00","236,569,835.00",0.014744
44,Blade Runner 2049,"3,370,167.00","236,569,835.00",0.014246
44,Thank You for Your Service (2017),"3,115,660.00","236,569,835.00",0.01317
44,Only The Brave,"2,743,449.00","236,569,835.00",0.011597
44,Let there be Light,"2,432,538.00","236,569,835.00",0.010283
44,The Foreigner,"2,295,139.00","236,569,835.00",0.009702
44,Victoria and Abdul,"1,807,985.00","236,569,835.00",0.007643
44,Suburbicon,"1,766,857.00","236,569,835.00",0.007469
44,Pokemon the Movie: I Choose You!,"1,743,873.00","236,569,835.00",0.007371
44,LBJ,"1,575,946.00","236,569,835.00",0.006662
44,It,"1,306,400.00","236,569,835.00",0.005522
44,Kingsman: The Golden Circle,"1,127,356.00","236,569,835.00",0.004765
44,American Made,"1,123,060.00","236,569,835.00",0.004747
44,The LEGO Ninjago Movie,"1,003,837.00","236,569,835.00",0.004243
44,Loving Vincent,"975,744.00","236,569,835.00",0.004125
44,The Florida Project,"896,934.00","236,569,835.00",0.003791
44,My Little Pony: The Movie,"752,690.00","236,569,835.00",0.003182
44,Marshall,"723,589.00","236,569,835.00",0.003059
44,The Mountain Between Us,"681,134.00","236,569,835.00",0.002879
44,Same Kind of Different as Me,"660,962.00","236,569,835.00",0.002794
44,The Killing of a Sacred Deer,"576,254.00","236,569,835.00",0.002436
44,Goodbye Christopher Robin,"536,953.00","236,569,835.00",0.00227
44,Lady Bird,"532,080.00","236,569,835.00",0.002249
44,Wonderstruck,"310,691.00","236,569,835.00",0.001313
44,Jane (2017),"308,145.00","236,569,835.00",0.001303
44,Despicable Me 3,"273,270.00","236,569,835.00",0.001155
44,Battle of the Sexes,"252,615.00","236,569,835.00",0.001068
44,The Snowman,"249,435.00","236,569,835.00",0.001054
45,Thor: Ragnarok,"70,606,463.00","194,957,750.00",0.362163
45,Murder on the Orient Express (2017),"37,928,362.00","194,957,750.00",0.194547
45,Daddy's Home 2,"35,776,447.00","194,957,750.00",0.183509
45,A Bad Moms Christmas,"15,658,529.00","194,957,750.00",0.080318
45,Jigsaw,"4,446,140.00","194,957,750.00",0.022806
45,Tyler Perry's Boo 2! A Madea Halloween,"2,327,877.00","194,957,750.00",0.01194
45,Geostorm,"2,180,270.00","194,957,750.00",0.011183
45,Blade Runner 2049,"2,059,166.00","194,957,750.00",0.010562
45,Lady Bird,"1,640,395.00","194,957,750.00",0.008414
45,Let there be Light,"1,551,096.00","194,957,750.00",0.007956
45,Happy Death Day,"1,531,585.00","194,957,750.00",0.007856
45,Genesis: Paradise Lost,"1,443,926.00","194,957,750.00",0.007406
45,Only The Brave,"1,288,963.00","194,957,750.00",0.006611
45,Thank You for Your Service (2017),"1,131,980.00","194,957,750.00",0.005806
45,The Foreigner,"1,076,366.00","194,957,750.00",0.005521
45,Casablanca [Rerelease],"1,024,560.00","194,957,750.00",0.005255
45,Victoria and Abdul,"987,511.00","194,957,750.00",0.005065
45,The LEGO Ninjago Movie,"960,981.00","194,957,750.00",0.004929
45,Loving Vincent,"818,741.00","194,957,750.00",0.0042
45,The Florida Project,"747,215.00","194,957,750.00",0.003833
45,LBJ,"693,442.00","194,957,750.00",0.003557
45,The Killing of a Sacred Deer,"684,602.00","194,957,750.00",0.003512
45,Pokemon the Movie: I Choose You!,"657,849.00","194,957,750.00",0.003374
45,American Made,"614,520.00","194,957,750.00",0.003152
45,My Little Pony: The Movie,"592,721.00","194,957,750.00",0.00304
45,Marshall,"578,492.00","194,957,750.00",0.002967
45,It,"563,417.00","194,957,750.00",0.00289
45,Kingsman: The Golden Circle,"563,408.00","194,957,750.00",0.00289
45,"Three Billboards Outside Ebbing, Missouri","434,225.00","194,957,750.00",0.002227
45,The Mountain Between Us,"380,221.00","194,957,750.00",0.00195
45,Wonderstruck,"340,681.00","194,957,750.00",0.001747
45,Jane (2017),"301,965.00","194,957,750.00",0.001549
45,Goodbye Christopher Robin,"273,348.00","194,957,750.00",0.001402
45,My Friend Dahmer,"267,468.00","194,957,750.00",0.001372
45,Same Kind of Different as Me,"265,353.00","194,957,750.00",0.001361
45,Despicable Me 3,"240,265.00","194,957,750.00",0.001232
45,The Square,"232,107.00","194,957,750.00",0.001191
45,Last Flag Flying,"219,878.00","194,957,750.00",0.001128
46,Justice League,"130,813,383.00","328,727,106.00",0.397939
46,Wonder,"47,133,059.00","328,727,106.00",0.143381
46,Thor: Ragnarok,"35,191,107.00","328,727,106.00",0.107053
46,Daddy's Home 2,"23,643,004.00","328,727,106.00",0.071923
46,Murder on the Orient Express (2017),"23,264,898.00","328,727,106.00",0.070773
46,Coco,"22,106,325.00","328,727,106.00",0.067248
46,The Star,"15,157,196.00","328,727,106.00",0.046109
46,A Bad Moms Christmas,"10,727,887.00","328,727,106.00",0.032635
46,Lady Bird,"4,496,063.00","328,727,106.00",0.013677
46,"Three Billboards Outside Ebbing, Missouri","2,777,304.00","328,727,106.00",0.008449
46,"Roman J. Israel, Esq.","1,754,044.00","328,727,106.00",0.005336
46,Jigsaw,"1,516,504.00","328,727,106.00",0.004613
46,Blade Runner 2049,"1,010,328.00","328,727,106.00",0.003073
46,Tyler Perry's Boo 2! A Madea Halloween,"664,792.00","328,727,106.00",0.002022
46,Loving Vincent,"647,131.00","328,727,106.00",0.001969
46,Geostorm,"558,331.00","328,727,106.00",0.001698
46,Let there be Light,"522,742.00","328,727,106.00",0.00159
46,The Man Who Invented Christmas,"453,977.00","328,727,106.00",0.001381
46,The Florida Project,"437,723.00","328,727,106.00",0.001332
46,The LEGO Ninjago Movie,"387,283.00","328,727,106.00",0.001178
46,Only The Brave,"347,660.00","328,727,106.00",0.001058
46,Happy Death Day,"330,140.00","328,727,106.00",0.001004
47,Coco,"60,469,079.00","233,569,349.00",0.258891
47,Justice League,"49,942,538.00","233,569,349.00",0.213823
47,Wonder,"28,399,564.00","233,569,349.00",0.121589
47,Thor: Ragnarok,"20,960,322.00","233,569,349.00",0.089739
47,Murder on the Orient Express (2017),"16,879,253.00","233,569,349.00",0.072267
47,Daddy's Home 2,"15,894,995.00","233,569,349.00",0.068053
47,The Star,"8,122,457.00","233,569,349.00",0.034775
47,A Bad Moms Christmas,"6,601,781.00","233,569,349.00",0.028265
47,"Three Billboards Outside Ebbing, Missouri","5,928,991.00","233,569,349.00",0.025384
47,Lady Bird,"5,876,913.00","233,569,349.00",0.025161
47,"Roman J. Israel, Esq.","5,814,046.00","233,569,349.00",0.024892
47,The Man Who Invented Christmas,"1,837,540.00","233,569,349.00",0.007867
47,Blade Runner 2049,"722,971.00","233,569,349.00",0.003095
47,Call Me by Your Name,"626,895.00","233,569,349.00",0.002684
47,Jigsaw,"484,251.00","233,569,349.00",0.002073
47,Loving Vincent,"405,749.00","233,569,349.00",0.001737
47,The Florida Project,"299,068.00","233,569,349.00",0.00128
47,It,"235,874.00","233,569,349.00",0.00101
48,Coco,"34,630,286.00","140,116,015.00",0.247154
48,Justice League,"21,709,450.00","140,116,015.00",0.154939
48,Wonder,"16,320,483.00","140,116,015.00",0.116478
48,Thor: Ragnarok,"13,117,465.00","140,116,015.00",0.093619
48,Daddy's Home 2,"9,845,013.00","140,116,015.00",0.070263
48,Murder on the Orient Express (2017),"9,535,002.00","140,116,015.00",0.068051
48,"Three Billboards Outside Ebbing, Missouri","6,309,764.00","140,116,015.00",0.045032
48,Lady Bird,"6,238,218.00","140,116,015.00",0.044522
48,The Star,"5,324,393.00","140,116,015.00",0.038
48,A Bad Moms Christmas,"4,768,783.00","140,116,015.00",0.034035
48,"Roman J. Israel, Esq.","2,769,435.00","140,116,015.00",0.019765
48,The Disaster Artist,"1,596,775.00","140,116,015.00",0.011396
48,The Man Who Invented Christmas,"1,348,334.00","140,116,015.00",0.009623
48,Blade Runner 2049,"604,101.00","140,116,015.00",0.004311
48,Titanic [Rerelease],"589,077.00","140,116,015.00",0.004204
48,Call Me by Your Name,"454,410.00","140,116,015.00",0.003243
48,Marshall,"373,566.00","140,116,015.00",0.002666
48,Loving Vincent,"342,053.00","140,116,015.00",0.002441
48,Jigsaw,"304,230.00","140,116,015.00",0.002171
48,The Shape of Water,"231,008.00","140,116,015.00",0.001649
48,Dunkirk,"207,871.00","140,116,015.00",0.001484
48,My Friend Dahmer,"203,065.00","140,116,015.00",0.001449
48,The Florida Project,"183,554.00","140,116,015.00",0.00131
48,The Polar Express [Rerelease],"179,107.00","140,116,015.00",0.001278
48,Wonder Wheel,"166,180.00","140,116,015.00",0.001186
48,Last Flag Flying,"159,122.00","140,116,015.00",0.001136
48,Darkest Hour,"151,427.00","140,116,015.00",0.001081
48,It,"146,250.00","140,116,015.00",0.001044
49,Coco,"23,580,206.00","113,078,563.00",0.208529
49,Justice League,"12,820,976.00","113,078,563.00",0.113381
49,Wonder,"12,003,632.00","113,078,563.00",0.106153
49,The Disaster Artist,"8,698,356.00","113,078,563.00",0.076923
49,Thor: Ragnarok,"8,529,056.00","113,078,563.00",0.075426
49,Daddy's Home 2,"7,620,523.00","113,078,563.00",0.067391
49,Murder on the Orient Express (2017),"7,175,227.00","113,078,563.00",0.063453
49,Lady Bird,"5,085,720.00","113,078,563.00",0.044975
49,The Star,"4,996,174.00","113,078,563.00",0.044183
49,Just Getting Started,"4,485,477.00","113,078,563.00",0.039667
49,"Three Billboards Outside Ebbing, Missouri","4,298,694.00","113,078,563.00",0.038015
49,A Bad Moms Christmas,"3,621,333.00","113,078,563.00",0.032025
49,The Shape of Water,"1,651,556.00","113,078,563.00",0.014605
49,"Roman J. Israel, Esq.","1,251,222.00","113,078,563.00",0.011065
49,The Man Who Invented Christmas,"1,085,759.00","113,078,563.00",0.009602
49,Darkest Hour,"1,035,940.00","113,078,563.00",0.009161
49,Call Me by Your Name,"432,173.00","113,078,563.00",0.003822
49,Blade Runner 2049,"397,391.00","113,078,563.00",0.003514
49,"I, Tonya","377,365.00","113,078,563.00",0.003337
49,The Polar Express [Rerelease],"363,022.00","113,078,563.00",0.00321
49,The Mountain Between Us,"342,534.00","113,078,563.00",0.003029
49,Loving Vincent,"257,871.00","113,078,563.00",0.00228
49,Jigsaw,"221,411.00","113,078,563.00",0.001958
49,Wonder Wheel,"213,075.00","113,078,563.00",0.001884
49,My Friend Dahmer,"202,633.00","113,078,563.00",0.001792
49,Geostorm,"196,428.00","113,078,563.00",0.001737
49,The Florida Project,"148,300.00","113,078,563.00",0.001311
49,Tyler Perry's Boo 2! A Madea Halloween,"133,943.00","113,078,563.00",0.001185
49,Marshall,"133,819.00","113,078,563.00",0.001183
49,Dunkirk (Re-Issue 12/1),"119,744.00","113,078,563.00",0.001059
50,Star Wars: The Last Jedi,"296,602,356.00","408,582,084.00",0.725931
50,Ferdinand,"19,482,884.00","408,582,084.00",0.047684
50,Jumanji: Welcome to the Jungle,"16,605,967.00","408,582,084.00",0.040643
50,Coco,"15,333,232.00","408,582,084.00",0.037528
50,Wonder,"9,101,012.00","408,582,084.00",0.022275
50,Justice League,"6,337,108.00","408,582,084.00",0.01551
50,Daddy's Home 2,"5,495,574.00","408,582,084.00",0.01345
50,Thor: Ragnarok,"4,896,638.00","408,582,084.00",0.011984
50,The Greatest Showman,"4,598,731.00","408,582,084.00",0.011255
50,The Disaster Artist,"4,515,270.00","408,582,084.00",0.011051
50,Murder on the Orient Express (2017),"3,939,241.00","408,582,084.00",0.009641
50,The Star,"3,491,705.00","408,582,084.00",0.008546
50,Lady Bird,"3,431,429.00","408,582,084.00",0.008398
50,The Shape of Water,"2,683,101.00","408,582,084.00",0.006567
50,"Three Billboards Outside Ebbing, Missouri","2,466,641.00","408,582,084.00",0.006037
50,A Bad Moms Christmas,"1,616,653.00","408,582,084.00",0.003957
50,Just Getting Started,"1,487,953.00","408,582,084.00",0.003642
50,Darkest Hour,"1,362,229.00","408,582,084.00",0.003334
50,Call Me by Your Name,"774,313.00","408,582,084.00",0.001895
50,Youth (2017),"717,093.00","408,582,084.00",0.001755
50,Wonder Wheel,"705,276.00","408,582,084.00",0.001726
50,The Man Who Invented Christmas,"542,409.00","408,582,084.00",0.001328
51,Star Wars: The Last Jedi,"168,095,872.00","467,332,600.00",0.359692
51,Jumanji: Welcome to the Jungle,"102,345,226.00","467,332,600.00",0.218999
51,Pitch Perfect 3,"46,490,470.00","467,332,600.00",0.09948
51,The Greatest Showman,"28,917,255.00","467,332,600.00",0.061877
51,Ferdinand,"22,677,221.00","467,332,600.00",0.048525
51,Coco,"16,253,331.00","467,332,600.00",0.034779
51,Downsizing,"12,458,365.00","467,332,600.00",0.026658
51,Darkest Hour,"9,794,210.00","467,332,600.00",0.020958
51,Father Figures,"9,063,922.00","467,332,600.00",0.019395
51,The Shape of Water,"7,574,490.00","467,332,600.00",0.016208
51,All the Money in the World,"7,127,696.00","467,332,600.00",0.015252
51,Wonder,"5,351,115.00","467,332,600.00",0.01145
51,Tiger Zinda Hai,"3,651,141.00","467,332,600.00",0.007813
51,Molly's Game,"3,027,513.00","467,332,600.00",0.006478
51,Justice League,"2,725,511.00","467,332,600.00",0.005832
51,Lady Bird,"2,665,194.00","467,332,600.00",0.005703
51,Daddy's Home 2,"2,594,251.00","467,332,600.00",0.005551
51,The Star,"2,387,128.00","467,332,600.00",0.005108
51,The Disaster Artist,"2,118,401.00","467,332,600.00",0.004533
51,Thor: Ragnarok,"2,079,481.00","467,332,600.00",0.00445
51,Call Me by Your Name,"1,620,973.00","467,332,600.00",0.003469
51,Murder on the Orient Express (2017),"1,281,066.00","467,332,600.00",0.002741
51,"Three Billboards Outside Ebbing, Missouri","1,273,465.00","467,332,600.00",0.002725
51,The Post,"1,199,041.00","467,332,600.00",0.002566
51,"I, Tonya","1,124,848.00","467,332,600.00",0.002407
51,Youth (2017),"663,291.00","467,332,600.00",0.001419
52,Jumanji: Welcome to the Jungle,"89,421,473.00","338,466,643.00",0.264196
52,Star Wars: The Last Jedi,"84,264,374.00","338,466,643.00",0.248959
52,The Greatest Showman,"29,588,386.00","338,466,643.00",0.087419
52,Pitch Perfect 3,"29,266,620.00","338,466,643.00",0.086468
52,Ferdinand,"20,609,013.00","338,466,643.00",0.060889
52,Coco,"14,170,502.00","338,466,643.00",0.041867
52,All the Money in the World,"9,454,213.00","338,466,643.00",0.027932
52,Darkest Hour,"9,388,820.00","338,466,643.00",0.027739
52,Downsizing,"8,271,753.00","338,466,643.00",0.024439
52,Father Figures,"6,446,538.00","338,466,643.00",0.019046
52,The Shape of Water,"6,413,309.00","338,466,643.00",0.018948
52,Wonder,"5,948,221.00","338,466,643.00",0.017574
52,Molly's Game,"4,189,047.00","338,466,643.00",0.012377
52,Lady Bird,"2,590,079.00","338,466,643.00",0.007652
52,Justice League,"2,126,673.00","338,466,643.00",0.006283
52,The Disaster Artist,"1,756,946.00","338,466,643.00",0.005191
52,Daddy's Home 2,"1,591,695.00","338,466,643.00",0.004703
52,Thor: Ragnarok,"1,574,547.00","338,466,643.00",0.004652
52,Tiger Zinda Hai,"1,542,101.00","338,466,643.00",0.004556
52,Call Me by Your Name,"1,417,165.00","338,466,643.00",0.004187
52,"Three Billboards Outside Ebbing, Missouri","1,198,630.00","338,466,643.00",0.003541
52,"I, Tonya","1,195,706.00","338,466,643.00",0.003533
52,Murder on the Orient Express (2017),"1,102,086.00","338,466,643.00",0.003256
52,The Post,"950,615.00","338,466,643.00",0.002809
52,The Star,"828,546.00","338,466,643.00",0.002448
52,Phantom Thread,"395,605.00","338,466,643.00",0.001169
52,Along with the Gods: The Two Worlds,"392,546.00","338,466,643.00",0.00116
52,Youth (2017),"353,362.00","338,466,643.00",0.001044
52,The Ex-File 3: Return of the Exes ,"341,074.00","338,466,643.00",0.001008
