62,16,24,4,1,0.0022
55,9,5,2,0,0.010835
49,7,7,2,1,0.006954
58,15,15,4,1,0.0044
60,14,20,5,1,0.001076
59,16,26,4,2,0.001003
56,1,1,0,0,0.003026
58,1,1,0,0,0.001662
60,3,1,0,0,0.057508
65,4,1,0,0,0.051797
70,4,1,0,0,0.027688
63,5,1,0,0,0.014166
66,10,2,0,0,0.007518
71,16,5,0,0,0.002503
62,22,7,0,0,0.001403
61,20,4,0,0,0.00215
63,29,5,0,0,0.001253
56,30,6,0,0,0.00146
57,37,6,0,0,0.001596
55,29,4,0,0,0.002718
27,75,48,2,0,0.041355
40,76,37,2,0,0.100763
51,24,12,2,0,0.080318
59,22,14,1,0,0.032635
54,25,14,1,0,0.028265
51,33,19,2,0,0.034035
51,28,24,2,0,0.032025
58,61,42,3,0,0.003957
52,1,1,0,1,0.027539
45,1,0,0,1,0.011447
52,7,17,0,0,0.120254
49,8,11,0,1,0.100114
58,8,15,0,1,0.037934
56,23,17,1,1,0.04018
50,39,23,0,1,0.026306
25,46,12,0,1,0.008865
16,40,11,0,0,0.007711
12,59,9,0,0,0.00196
19,57,25,1,1,0.00148
16,25,35,0,1,0.001072
57,31,46,0,1,0.001058
61,4,6,0,0,0.00278
61,4,3,0,0,0.001117
63,13,8,1,0,0.002769
64,22,15,1,0,0.001318
48,0,2,0,0,0.01428
55,0,10,0,1,0.004041
51,1,2,0,0,0.011114
54,1,4,0,0,0.004733
54,1,13,0,0,0.001719
53,7,0,2,0,0.001175
53,3,0,0,0,0.001764
65,4,0,0,0,0.001891
68,4,0,1,0,0.001422
79,2,1,1,0,0.001835
58,1,3,0,0,0.00333
59,1,2,0,0,0.003079
67,0,7,0,0,0.002263
66,0,4,0,0,0.001612
78,13,21,3,0,0.001759
57,17,10,1,0,0.004155
54,4,12,0,0,0.00355
47,2,23,0,0,0.003418
63,3,19,0,0,0.001364
26,2,23,0,0,0.001059
22,75,7,0,0,0.000001
58,2,1,2,0,0.269871
68,5,1,3,1,0.075043
67,6,2,4,2,0.023117
66,9,2,4,3,0.013141
63,12,1,5,5,0.00276
66,15,2,5,6,0.00228
56,0,0,0,0,0.112079
59,0,0,0,1,0.037668
65,0,0,0,1,0.010163
62,0,1,0,3,0.002868
53,41,1,0,0,0.001904
61,3,1,0,2,0.022207
61,2,0,0,2,0.017253
69,2,1,0,4,0.003353
63,2,1,0,4,0.003961
74,4,1,0,8,0.00125
56,4,4,2,0,0.015252
66,5,3,1,0,0.027932
44,0,0,0,0,0.00116
56,2,0,0,1,0.134917
48,1,0,0,1,0.056361
46,1,0,0,1,0.037561
55,1,0,0,2,0.013551
55,2,0,0,5,0.005518
56,3,0,0,8,0.001783
50,11,0,0,0,0.186211
77,33,1,0,1,0.08285
51,14,0,0,0,0.057806
56,21,0,0,0,0.034999
57,35,1,0,0,0.021697
65,53,1,0,1,0.004747
73,68,1,0,2,0.003152
56,9,5,1,0,0.001234
1,59,2,0,2,0.007281
13,69,5,0,7,0.00692
8,53,5,0,6,0.003978
5,62,14,0,11,0.001512
61,0,0,0,0,0.280398
59,1,0,0,0,0.158525
62,0,0,0,1,0.112657
57,1,0,0,0,0.094078
54,1,0,0,1,0.023325
54,1,0,0,1,0.020826
50,1,0,0,1,0.005822
57,2,1,0,3,0.003113
60,2,0,0,4,0.001183
64,4,3,0,2,0.001131
69,26,6,1,0,0.006575
79,18,4,1,0,0.003776
83,17,5,1,0,0.002606
62,8,2,1,0,0.010808
58,10,2,1,0,0.008511
76,13,3,1,0,0.002473
61,8,2,0,0,0.002206
58,18,2,1,0,0.001906
69,17,10,0,5,0.030304
75,23,13,0,8,0.009015
77,27,13,0,11,0.002329
61,26,12,0,9,0.001466
76,31,14,0,15,0.00146
61,12,2,0,0,0.117101
63,10,2,0,0,0.067035
59,12,2,0,0,0.038883
56,14,3,0,0,0.023012
56,24,7,0,1,0.013251
58,20,7,0,1,0.01128
62,43,12,0,2,0.00199
64,35,12,0,2,0.001856
14,77,23,0,1,0.100337
8,66,13,0,0,0.017927
11,78,14,0,0,0.011415
8,72,12,0,0,0.004543
49,4,0,2,1,0.042196
72,4,0,2,0,0.124846
67,3,0,1,0,0.066734
64,4,1,1,1,0.056905
65,4,1,1,1,0.035631
65,4,1,1,2,0.029432
64,6,1,1,2,0.022176
59,6,2,2,2,0.012947
61,6,4,2,3,0.009413
59,4,2,1,2,0.01937
61,4,2,2,2,0.018538
69,6,2,3,3,0.002948
64,5,3,2,2,0.002932
59,6,2,1,2,0.002139
63,6,2,2,3,0.001502
53,4,8,0,1,0.005125
53,6,11,0,0,0.001668
58,3,2,0,0,0.002612
70,37,13,0,0,0.004425
50,15,5,0,0,0.038296
55,14,5,0,0,0.025112
49,23,9,0,0,0.014001
49,43,23,0,0,0.006529
51,65,42,0,0,0.003953
36,77,52,0,0,0.001068
53,29,19,0,0,0.026551
74,10,15,0,0,0.130972
67,10,13,0,0,0.049426
68,14,18,0,1,0.033555
69,25,31,0,2,0.008067
73,40,41,0,2,0.00521
83,59,52,1,2,0.00141
64,48,8,1,2,0.003383
64,23,3,0,1,0.0115
70,25,3,0,2,0.006426
56,38,6,0,2,0.002541
53,72,12,0,5,0.001476
30,66,20,1,0,0.655044
39,64,22,1,0,0.448252
34,68,22,0,1,0.267077
39,82,19,1,1,0.196193
20,62,10,1,1,0.088137
32,83,14,1,1,0.089839
19,65,6,1,1,0.069431
17,51,5,0,1,0.02692
34,78,10,0,2,0.034273
31,66,13,1,2,0.020873
36,75,13,0,1,0.011341
52,77,16,1,1,0.003778
40,67,20,1,1,0.002855
35,72,18,0,1,0.001516
20,74,10,1,1,0.00115
47,2,0,0,0,0.023438
51,2,0,0,0,0.019033
49,3,1,0,0,0.004147
56,11,1,0,0,0.001134
54,0,0,0,0,0.036974
55,0,0,0,0,0.022807
57,0,0,0,0,0.002246
55,1,0,0,0,0.001153
49,3,2,0,0,0.001761
68,7,0,3,3,0.001176
64,12,1,1,0,0.304896
58,13,1,1,0,0.162301
60,16,1,1,0,0.082886
59,17,1,1,0,0.052998
58,25,2,1,0,0.014246
61,45,2,2,0,0.010562
72,51,3,2,0,0.003073
61,43,4,2,0,0.003095
64,43,6,2,0,0.004311
70,49,10,2,0,0.003514
48,4,0,0,1,0.045963
47,5,0,0,1,0.025518
50,8,0,0,1,0.007152
53,16,0,1,1,0.007183
49,22,0,1,2,0.003251
47,58,0,0,2,0.001196
21,66,2,18,7,0.008188
13,77,1,29,9,0.004593
4,56,1,20,9,0.00115
13,64,11,19,0,0.002008
57,3,11,0,0,0.001679
59,1,9,1,0,0.001382
74,27,2,1,0,0.002684
68,19,2,1,0,0.003243
68,16,2,1,0,0.003822
85,11,2,1,0,0.001895
90,11,2,1,0,0.003469
75,11,2,1,0,0.004187
3,75,4,0,2,0.120432
2,77,4,0,3,0.086943
1,71,4,0,3,0.037082
1,91,6,0,4,0.03123
1,75,5,0,3,0.007318
1,66,4,0,3,0.002067
0,24,0,0,0,0.002357
0,48,1,0,1,0.002753
0,76,4,0,3,0.002263
1,75,5,0,3,0.001857
1,76,4,0,4,0.001416
1,75,3,0,3,0.001366
1,78,6,0,3,0.001589
60,2,0,0,0,0.255339
68,4,0,0,0,0.170494
73,6,0,0,0,0.06013
74,8,0,0,0,0.028865
73,16,0,0,1,0.021516
73,13,1,0,1,0.012167
67,12,1,0,1,0.007479
74,20,1,0,1,0.00495
75,18,1,0,1,0.003059
70,19,1,0,1,0.002692
72,20,0,0,1,0.002433
66,12,1,0,1,0.023144
73,23,1,0,2,0.00171
69,17,1,0,1,0.001436
76,20,1,0,2,0.0011
0,29,22,0,0,0.005255
56,12,6,0,0,0.001846
65,0,3,3,0,0.038744
69,0,1,1,0,0.024404
77,0,1,1,0,0.011057
85,0,2,2,0,0.001645
88,0,2,2,0,0.001603
86,0,1,1,0,0.001257
2,1,70,0,0,0.002224
80,3,1,0,0,0.002229
72,2,1,0,0,0.001471
83,0,0,0,0,0.001202
1,0,0,74,0,0.022926
0,1,0,84,0,0.002096
54,0,0,0,6,0.067248
63,0,0,0,5,0.258891
61,0,0,0,5,0.247154
67,0,0,0,6,0.208529
69,0,0,0,5,0.037528
83,0,0,0,5,0.034779
78,0,0,0,6,0.041867
51,36,3,0,0,0.009204
45,80,7,1,1,0.001389
49,1,6,0,0,0.011962
52,2,6,0,0,0.001016
40,25,4,0,94,0.002716
46,25,5,0,95,0.00569
54,15,3,1,96,0.005669
37,15,4,0,94,0.001223
29,14,4,0,94,0.001056
93,0,0,0,0,0.001483
52,69,58,0,2,0.183509
38,58,43,0,2,0.071923
35,71,51,0,2,0.068053
23,80,52,0,2,0.070263
21,80,48,0,3,0.067391
19,84,63,0,3,0.01345
14,59,43,0,2,0.005551
5,32,51,0,1,0.004703
59,5,1,0,0,0.005886
70,9,1,0,0,0.002448
57,8,1,0,0,0.001229
67,25,2,2,2,0.001081
71,32,1,1,1,0.009161
73,23,1,1,0,0.003334
83,10,0,0,0,0.020958
72,10,1,0,0,0.027739
66,6,3,0,0,0.409672
64,7,4,0,1,0.177302
63,6,3,0,1,0.129862
66,7,4,0,1,0.080631
65,9,6,0,1,0.057876
63,11,7,0,1,0.049411
62,19,7,0,1,0.029424
61,19,12,0,2,0.022733
53,17,8,0,2,0.027109
57,13,7,0,1,0.031204
59,25,10,0,3,0.005511
54,21,13,0,2,0.00722
54,31,14,0,3,0.003933
58,33,20,0,4,0.003687
59,32,18,0,3,0.00283
59,44,26,0,6,0.002305
61,47,20,0,4,0.001933
61,45,23,0,3,0.002151
69,67,27,0,6,0.001155
64,64,24,0,5,0.001232
91,0,0,0,0,0.002332
80,0,0,0,0,0.053658
75,0,0,0,0,0.024572
86,0,0,0,0,0.009036
86,0,0,0,0,0.004056
89,0,0,0,0,0.002822
51,1,20,1,6,0.052922
64,2,37,1,11,0.03397
58,2,65,1,26,0.007905
56,4,79,3,41,0.004902
32,1,66,2,24,0.001579
0,73,16,0,0,0.011499
10,53,6,0,0,0.014628
7,58,4,0,0,0.002482
20,68,0,0,0,0.001564
63,40,1,0,2,0.002323
69,52,3,0,2,0.001412
66,30,2,0,3,0.002484
76,13,1,0,0,0.026658
70,12,1,0,0,0.024439
65,0,0,2,0,0.272666
63,0,0,2,0,0.186642
59,0,0,2,0,0.142842
58,0,0,2,0,0.095309
56,0,0,2,0,0.07009
59,0,0,2,0,0.061665
59,0,0,2,0,0.058009
62,0,0,3,0,0.012403
61,0,0,4,0,0.012677
61,0,0,5,0,0.005504
61,1,0,6,0,0.004048
68,1,0,6,0,0.002433
70,0,0,6,0,0.001752
68,0,0,7,0,0.001255
70,0,0,6,0,0.001484
74,0,0,4,0,0.001059
75,2,0,1,0,0.001876
83,2,0,1,0,0.001023
57,20,0,0,0,0.005724
57,29,0,0,0,0.002939
63,1,1,0,0,0.088509
76,1,1,0,0,0.044052
79,1,1,0,0,0.019151
86,1,1,0,0,0.012711
89,1,1,0,0,0.002161
90,1,1,0,0,0.001171
1,0,95,95,0,0.00111
84,1,0,0,1,0.002023
54,21,1,1,0,0.013667
73,23,3,2,0,0.006407
51,17,2,1,0,0.002965
53,20,2,3,0,0.002042
62,19,2,2,1,0.001709
66,21,3,3,0,0.001823
71,26,3,3,0,0.001825
64,23,3,2,0,0.001301
72,0,1,0,0,0.019395
65,0,2,0,0,0.019046
59,12,13,12,0,0.037471
59,16,5,16,0,0.019891
71,25,8,25,1,0.009691
58,23,8,23,1,0.011135
53,19,9,19,1,0.013686
65,28,9,28,1,0.004322
67,30,7,30,1,0.006458
20,15,20,15,0,0.006123
58,25,19,25,1,0.001687
80,34,13,34,2,0.00102
77,0,0,0,0,0.047684
76,0,0,0,0,0.048525
72,0,0,0,0,0.060889
60,7,8,1,0,0.263603
66,10,12,1,1,0.123067
56,18,12,4,1,0.062039
65,11,10,1,1,0.019236
67,11,10,1,1,0.010032
67,13,18,2,2,0.001915
53,3,9,0,0,0.076242
48,2,10,0,0,0.050563
49,4,16,0,0,0.014881
55,7,35,0,0,0.008292
33,8,61,0,0,0.00196
49,10,6,0,2,0.070995
51,16,13,0,5,0.037533
51,26,13,0,7,0.015698
53,51,27,0,24,0.003064
45,78,31,0,26,0.001635
60,1,2,0,1,0.001293
53,0,0,1,0,0.010094
55,0,1,0,0,0.00286
49,0,0,0,0,0.017544
47,1,0,0,0,0.007842
55,0,0,0,0,0.007406
56,5,0,0,0,0.140187
44,3,0,0,0,0.071789
48,4,0,0,0,0.018361
49,7,0,0,0,0.011183
73,14,1,0,0,0.001698
56,22,2,1,0,0.001737
68,0,1,3,0,0.29472
67,1,1,3,0,0.158674
70,1,1,2,0,0.131314
67,0,1,2,0,0.054299
71,0,1,1,0,0.046046
74,0,1,1,0,0.034898
76,0,1,1,0,0.033729
80,0,2,1,0,0.017568
76,0,1,1,0,0.015615
76,0,1,1,0,0.017847
81,1,1,1,0,0.0041
80,1,1,1,0,0.00313
81,0,1,2,0,0.002119
82,0,1,2,0,0.00133
12,65,1,2,1,0.108956
10,65,1,1,2,0.060506
8,65,0,1,2,0.015815
7,78,1,1,4,0.009145
5,70,0,1,3,0.004848
68,16,2,0,0,0.007971
68,8,1,0,0,0.021235
51,5,1,0,0,0.045114
53,6,1,0,0,0.036109
58,9,1,0,0,0.011602
68,8,1,0,0,0.011731
59,10,1,0,0,0.006394
78,20,1,0,0,0.002956
76,30,1,0,0,0.001056
67,2,10,0,0,0.165846
64,2,7,0,0,0.129343
63,2,5,0,0,0.090244
64,4,6,0,0,0.054692
59,3,6,0,1,0.040834
62,3,8,0,1,0.034913
59,3,8,0,1,0.029303
66,5,15,0,2,0.005602
64,7,14,0,2,0.005493
62,12,23,0,2,0.002056
73,10,25,0,3,0.001264
9,1,65,8,1,0.099083
8,1,68,6,1,0.042648
7,1,72,14,1,0.049856
6,1,63,8,1,0.038481
5,1,65,5,1,0.010525
4,2,84,12,1,0.008276
4,3,80,9,2,0.004877
3,1,76,11,1,0.001814
4,2,78,8,2,0.001321
2,2,72,10,2,0.001368
85,3,0,0,0,0.025962
84,2,0,0,0,0.016026
85,23,0,0,3,0.001016
78,14,0,0,2,0.001748
72,10,0,0,1,0.009048
70,9,0,0,1,0.004422
44,0,64,1,1,0.001753
55,0,59,2,0,0.004599
54,0,60,2,0,0.00227
49,0,83,2,1,0.001402
55,1,6,6,0,0.001014
51,67,31,6,1,0.738153
39,69,27,5,1,0.473639
60,75,31,4,2,0.268466
62,28,11,2,1,0.148397
59,33,12,3,1,0.053671
64,37,12,3,1,0.046202
62,57,25,4,1,0.025095
60,57,22,3,2,0.021641
42,60,25,4,2,0.010157
22,61,20,5,1,0.004486
18,71,25,3,3,0.003427
23,89,36,5,3,0.00216
18,74,24,5,2,0.002072
0,24,1,0,0,0.003667
5,80,8,1,1,0.002226
10,81,20,3,2,0.001881
12,64,23,4,1,0.001627
16,82,35,3,1,0.002467
22,34,0,23,0,0.001647
56,12,0,20,0,0.003172
65,13,0,21,0,0.002698
74,9,0,17,0,0.00118
48,1,0,0,16,0.237768
47,1,0,0,29,0.093985
58,1,0,0,47,0.062661
47,1,0,0,50,0.014744
50,1,0,0,85,0.007856
25,1,0,0,82,0.001004
59,1,1,0,0,0.16427
66,0,1,0,0,0.153061
56,0,1,0,0,0.113577
55,0,1,0,0,0.104905
50,0,1,0,1,0.107906
54,0,2,0,1,0.046199
77,1,2,0,2,0.051728
55,1,5,0,1,0.047301
55,1,17,0,1,0.020397
55,1,3,0,2,0.017394
57,4,3,0,2,0.006312
63,6,3,0,3,0.004241
64,6,5,0,4,0.00279
79,7,4,0,4,0.002277
53,4,2,0,2,0.001074
52,5,3,0,3,0.001844
59,28,1,0,0,0.054688
49,13,1,0,0,0.048977
50,9,1,0,0,0.028705
46,9,1,0,0,0.019641
57,32,3,0,0,0.00569
25,40,2,0,0,0.001706
52,6,10,0,0,0.119475
56,6,13,0,0,0.028169
49,6,12,0,0,0.027574
53,7,18,0,0,0.015284
62,10,37,1,0,0.006924
24,6,51,1,0,0.001433
64,0,0,46,26,0.001115
62,1,41,3,1,0.007771
60,1,31,2,1,0.004664
66,1,26,1,1,0.007324
62,1,28,2,1,0.007229
57,4,34,2,2,0.002753
62,7,51,2,3,0.002085
0,80,28,80,1,0.002096
45,28,8,1,91,0.003337
57,24,8,0,94,0.002407
66,29,8,1,88,0.003533
21,6,2,0,66,0.003462
37,0,0,2,0,0.00958
40,0,0,8,0,0.002255
20,17,13,1,92,0.001
19,11,13,0,87,0.002644
50,11,13,0,92,0.011831
43,11,10,0,93,0.007932
11,8,6,0,92,0.001042
21,3,0,0,0,0.008115
82,0,0,0,0,0.735489
88,0,0,0,0,0.525524
91,0,0,0,0,0.245438
93,0,0,0,0,0.178168
95,0,0,0,0,0.091184
97,0,0,0,0,0.059653
97,0,0,0,0,0.036309
96,0,0,0,0,0.0321
88,0,0,0,0,0.005522
97,0,0,0,0,0.00289
94,0,0,0,0,0.00101
98,0,0,0,0,0.001044
59,1,0,0,1,0.040381
58,1,0,0,1,0.012714
56,1,0,0,1,0.005339
55,1,3,1,0,0.009023
83,21,1,0,0,0.008136
83,10,1,0,0,0.005237
42,3,0,0,0,0.003175
84,13,0,0,0,0.005351
91,10,0,0,0,0.004249
81,9,0,0,0,0.001116
77,8,1,0,0,0.001169
66,13,0,0,0,0.001065
61,5,7,1,0,0.002761
50,88,1,2,0,0.0019
42,89,3,3,0,0.001303
32,61,2,1,0,0.001549
44,0,0,1,0,0.011599
60,0,0,1,0,0.00384
63,0,1,0,1,0.20226
55,0,0,0,1,0.037188
56,0,0,0,1,0.022806
70,0,0,0,1,0.004613
67,0,0,0,2,0.002073
76,0,0,0,2,0.002171
79,0,1,0,2,0.001958
1,58,0,1,0,0.1619
1,69,0,1,1,0.104913
0,58,0,0,1,0.075261
0,70,0,0,0,0.026021
0,64,1,0,1,0.016993
0,65,0,0,1,0.005167
0,67,0,0,1,0.002524
0,76,0,0,1,0.001415
1,82,1,0,1,0.001266
0,74,1,0,2,0.001088
0,48,0,0,1,0.001306
48,4,2,0,0,0.004084
56,9,1,0,0,0.002214
21,75,3,6,2,0.004614
52,3,2,1,0,0.007258
54,5,3,1,0,0.002888
63,0,3,1,9,0.001
64,1,3,1,9,0.00132
11,24,60,0,1,0.040643
47,50,87,0,1,0.218999
41,46,80,0,1,0.264196
48,10,3,0,0,0.039667
55,16,4,0,0,0.003642
62,3,2,1,0,0.397939
59,4,3,1,0,0.213823
62,6,3,1,0,0.154939
66,10,4,1,0,0.113381
68,9,3,1,0,0.01551
74,9,3,1,0,0.005832
77,13,5,1,0,0.006283
70,0,0,1,0,0.001355
62,0,0,1,0,0.001968
67,0,0,1,0,0.001207
67,0,0,0,0,0.001204
53,0,0,0,0,0.001013
13,65,1,0,0,0.076806
15,84,2,1,0,0.042723
9,68,1,0,0,0.029588
6,79,1,0,0,0.02096
8,72,1,0,0,0.020059
4,66,1,0,0,0.001389
2,54,0,0,0,0.001115
57,47,1,15,0,0.115328
62,49,0,16,0,0.059389
65,57,2,13,0,0.024474
64,64,2,15,1,0.006561
42,66,2,15,1,0.003179
54,20,1,3,3,0.325004
60,24,1,2,6,0.18447
59,11,1,1,3,0.083619
52,10,0,1,5,0.05492
59,14,1,2,6,0.032305
51,13,1,1,9,0.019874
49,22,16,2,32,0.004765
52,27,10,3,24,0.00289
55,3,0,0,0,0.357106
55,6,0,0,0,0.108317
57,7,1,0,0,0.075031
57,13,1,0,0,0.052543
60,9,1,0,1,0.045658
62,13,1,0,1,0.016859
61,19,1,0,1,0.013869
63,19,2,0,1,0.011066
64,30,2,1,1,0.002743
58,32,2,1,2,0.002138
66,33,2,0,2,0.001511
61,26,3,0,2,0.001975
69,35,3,1,2,0.001092
71,33,3,0,3,0.001026
31,22,13,2,0,0.093689
64,15,13,1,0,0.099058
76,16,14,1,0,0.067678
53,13,13,1,0,0.08922
51,13,13,1,0,0.077428
64,17,19,1,0,0.030674
69,18,18,1,0,0.032783
32,17,21,4,0,0.038134
60,28,27,2,0,0.015679
59,25,20,1,0,0.011242
70,41,38,1,0,0.002291
71,48,46,1,0,0.0011
86,43,65,1,0,0.001494
75,34,31,1,0,0.001016
85,16,6,16,5,0.002249
72,7,3,9,2,0.008414
82,10,2,11,2,0.013677
81,9,2,7,1,0.025161
56,29,1,6,1,0.044522
58,8,1,3,1,0.044975
65,7,2,3,1,0.008398
88,9,3,5,3,0.005703
74,8,3,5,2,0.007652
54,3,2,1,6,0.001288
64,3,2,0,6,0.001455
73,19,2,0,1,0.001833
73,17,1,0,1,0.001211
57,25,15,3,6,0.001128
57,36,17,3,10,0.001136
53,10,0,3,0,0.006662
63,15,0,4,1,0.003557
0,49,14,6,2,0.06565
0,77,38,8,5,0.061108
0,68,30,6,2,0.014678
0,78,25,7,8,0.01869
0,73,18,10,4,0.007354
0,65,17,5,5,0.004809
0,26,8,2,63,0.002155
53,6,1,6,0,0.021859
47,3,0,3,0,0.010283
48,3,2,3,0,0.007956
57,3,1,3,0,0.00159
77,39,5,1,2,0.062908
80,27,4,0,3,0.035198
80,26,5,1,3,0.019723
79,24,4,0,3,0.004006
62,11,2,0,1,0.004621
78,17,2,0,3,0.003236
77,4,8,0,0,0.016986
84,2,10,0,0,0.016123
90,2,5,0,0,0.014368
80,2,5,0,0,0.01815
71,2,3,0,0,0.042552
73,2,5,0,0,0.022907
70,1,4,0,0,0.03051
77,7,12,0,0,0.031824
77,2,7,0,0,0.011594
83,2,7,0,0,0.008538
84,1,6,0,0,0.003081
89,1,8,0,0,0.002169
86,1,12,0,0,0.001301
88,1,7,0,0,0.001344
0,76,0,26,0,0.002137
54,13,2,13,0,0.034076
45,16,2,16,0,0.012931
16,60,20,2,1,0.453853
21,67,37,1,3,0.227247
25,63,34,1,5,0.071015
20,63,30,1,5,0.053939
35,75,42,2,9,0.037512
39,76,37,2,11,0.033232
27,64,25,1,9,0.011874
24,65,29,2,12,0.009347
34,76,29,1,13,0.007861
23,67,25,1,11,0.001907
25,69,23,2,9,0.002591
35,79,31,3,10,0.001641
53,2,5,1,1,0.076914
55,2,10,0,0,0.064319
55,1,6,0,1,0.056597
55,2,14,1,2,0.011251
45,3,21,0,2,0.009358
51,9,50,1,6,0.002252
37,9,68,2,8,0.001015
59,1,1,0,12,0.001508
73,3,0,1,1,0.002003
64,3,0,1,0,0.003844
60,2,0,0,0,0.00575
70,2,0,0,0,0.007169
66,3,0,0,0,0.004125
62,3,0,0,0,0.0042
71,4,0,0,0,0.001969
66,4,0,0,0,0.001737
56,2,0,0,0,0.002441
58,4,0,0,0,0.00228
56,0,0,0,0,0.017162
53,0,0,0,0,0.00899
65,0,0,0,0,0.004416
57,1,0,0,0,0.001155
70,42,0,18,0,0.001116
74,38,0,12,0,0.001296
68,43,0,11,0,0.001567
77,42,0,27,0,0.001347
32,24,0,0,0,0.021186
59,15,0,1,1,0.011635
67,27,0,1,2,0.008071
53,16,0,0,1,0.016109
52,14,0,1,1,0.014681
57,14,0,1,2,0.004145
76,18,0,1,2,0.00413
19,25,0,0,0,0.00408
47,22,0,1,1,0.001504
1,82,48,0,0,0.001259
1,46,14,0,0,0.002126
1,74,37,1,0,0.001253
68,1,1,0,0,0.030012
66,1,1,0,0,0.016406
77,1,1,0,0,0.011663
88,1,2,0,0,0.003059
90,1,2,0,0,0.002967
91,4,1,0,0,0.002666
76,1,1,0,0,0.001183
96,0,0,0,0,0.001361
66,10,24,1,1,0.001567
64,5,16,0,0,0.00235
62,5,17,0,1,0.002431
67,6,23,1,0,0.002145
62,5,23,0,1,0.001518
67,6,34,0,2,0.001266
75,10,38,0,1,0.001392
56,8,35,0,1,0.001299
6,24,12,47,3,0.00311
62,8,1,0,1,0.027654
62,7,1,0,2,0.012603
57,10,1,0,3,0.008407
71,22,3,0,6,0.003219
56,34,6,0,9,0.001232
75,34,4,0,5,0.00184
77,3,0,1,7,0.00151
67,2,0,0,1,0.002278
58,1,0,0,4,0.002506
55,0,1,0,2,0.002621
64,0,8,0,0,0.043512
72,0,9,0,0,0.031739
69,0,9,0,0,0.017609
62,0,7,0,0,0.016698
64,0,9,0,0,0.012928
67,0,11,0,0,0.003838
80,0,10,0,0,0.007884
62,0,7,0,0,0.006223
77,0,8,0,0,0.003178
67,0,5,0,0,0.002836
69,0,7,0,0,0.001311
68,0,6,0,0,0.001084
58,63,60,11,0,0.006478
55,64,69,8,0,0.012377
52,2,1,0,0,0.071105
45,1,1,0,1,0.043423
46,2,2,0,1,0.026984
43,2,2,0,1,0.019685
49,4,3,0,2,0.003162
57,6,4,0,4,0.001332
64,8,5,0,4,0.001247
29,35,22,12,10,0.003107
63,77,42,36,33,0.007714
12,35,17,10,5,0.005325
3,21,3,2,2,0.011861
30,54,20,25,36,0.010893
16,31,15,15,16,0.00303
27,64,22,21,14,0.004052
2,19,3,4,1,0.007876
18,57,12,23,8,0.012418
28,64,22,23,20,0.005531
34,76,30,25,26,0.001032
0,66,6,24,1,0.068842
0,84,10,20,2,0.03068
0,72,8,9,3,0.017052
0,86,9,7,2,0.004002
0,55,5,3,2,0.001471
54,7,5,0,0,0.002224
53,8,7,1,0,0.001207
54,2,0,1,0,0.0124
52,45,3,45,12,0.194547
73,34,2,34,11,0.070773
63,22,2,22,12,0.072267
56,13,2,13,19,0.068051
39,11,2,11,32,0.063453
49,10,2,10,43,0.009641
56,19,5,19,24,0.002741
64,69,13,69,76,0.003256
59,8,4,0,0,0.006842
56,11,5,0,0,0.002688
65,13,11,0,1,0.001398
60,0,0,0,0,0.001372
60,0,0,0,0,0.001449
62,0,0,0,0,0.001792
54,2,1,0,9,0.077188
58,14,1,1,24,0.038093
64,8,3,0,33,0.019559
63,10,3,1,47,0.01128
52,6,1,0,36,0.003182
52,7,1,0,34,0.00304
92,5,0,0,0,0.001211
90,6,0,0,0,0.002394
93,10,0,0,0,0.002351
93,5,0,0,0,0.002894
93,5,0,0,0,0.004603
94,5,0,0,0,0.003431
92,4,0,0,0,0.001085
50,10,46,3,2,0.00638
55,4,1,1,0,0.001421
84,2,1,0,0,0.002067
72,1,1,0,0,0.001532
53,2,5,0,0,0.066572
51,2,7,0,1,0.044683
46,3,5,0,1,0.011597
48,6,6,0,1,0.006611
71,16,18,0,4,0.001058
58,55,1,2,0,0.001576
61,35,1,2,0,0.003078
57,31,1,1,0,0.002832
62,31,1,2,0,0.003063
60,11,0,1,0,0.003754
60,15,0,1,0,0.004021
73,46,0,2,1,0.001656
66,54,1,1,1,0.001007
6,80,63,0,2,0.064219
5,70,56,0,2,0.035769
2,47,42,0,2,0.015764
4,79,53,0,4,0.006745
5,73,41,0,2,0.009301
4,76,50,0,3,0.001424
5,84,58,0,4,0.002655
3,66,31,0,2,0.002077
4,66,45,0,2,0.001583
92,12,1,2,0,0.001035
91,16,1,3,0,0.001364
91,25,1,2,0,0.001845
88,20,1,2,0,0.001014
91,11,1,2,0,0.001102
56,12,0,1,0,0.076134
46,10,0,1,0,0.040679
46,17,0,1,0,0.019477
34,40,0,1,0,0.01151
51,58,0,2,0,0.001946
53,66,0,2,0,0.00203
53,71,0,3,1,0.001323
68,2,3,2,1,0.00198
51,0,1,0,0,0.003253
0,16,57,18,0,0.002704
17,31,0,0,0,0.001145
58,84,0,1,1,0.001078
23,60,0,0,0,0.001205
82,2,2,13,1,0.001169
55,7,4,0,0,0.001299
46,0,0,0,0,0.01687
44,0,0,0,0,0.007445
27,74,11,0,1,0.42566
15,68,7,0,1,0.119891
8,68,6,0,1,0.078087
7,79,5,0,1,0.044969
1,40,1,0,0,0.038743
6,85,6,0,1,0.016252
5,81,6,0,1,0.00634
7,83,6,0,2,0.003371
6,81,5,0,2,0.00154
5,82,7,0,2,0.001653
4,70,10,0,1,0.001602
5,79,9,0,1,0.001004
5,72,7,0,1,0.001945
7,86,12,0,2,0.001884
8,82,15,0,1,0.002404
84,10,4,0,0,0.09948
70,11,9,0,0,0.086468
66,4,11,0,2,0.189962
58,4,10,0,4,0.082466
61,4,11,0,7,0.0513
68,4,11,0,14,0.017415
57,4,10,1,16,0.012083
72,5,13,0,25,0.008133
63,4,16,0,30,0.001215
68,3,12,0,25,0.001544
64,1,8,0,20,0.001071
32,57,16,2,0,0.008205
26,71,43,5,0,0.003074
41,0,0,0,0,0.002944
54,0,0,0,0,0.011832
44,27,1,0,2,0.094411
58,42,2,0,14,0.049672
55,48,3,0,16,0.008217
58,59,4,2,24,0.002603
76,0,0,0,0,0.119513
73,0,0,0,0,0.029742
80,0,0,0,0,0.014396
76,0,0,0,0,0.00512
44,1,0,0,0,0.02622
45,2,1,0,0,0.010995
52,3,2,0,0,0.007143
5,46,42,2,2,0.155705
2,28,6,0,0,0.091428
9,65,32,3,4,0.050312
7,62,35,2,3,0.036912
6,55,30,3,7,0.030179
8,44,43,1,5,0.008229
12,66,34,4,8,0.005463
2,28,10,1,1,0.003455
16,68,49,3,9,0.0012
17,70,37,10,12,0.001481
18,80,35,8,10,0.001782
15,58,23,5,6,0.002273
13,74,36,8,6,0.001495
9,54,20,4,4,0.001152
1,60,10,0,3,0.005336
2,66,7,1,4,0.024892
2,69,11,1,6,0.019765
2,69,14,0,9,0.011065
62,11,1,0,0,0.040792
59,9,1,0,0,0.033324
62,16,1,0,1,0.007709
67,63,2,0,3,0.001495
37,10,0,0,44,0.001828
53,2,0,0,1,0.027634
49,2,0,0,1,0.016283
47,2,0,1,2,0.002794
49,5,1,1,4,0.001361
55,7,3,1,0,0.001215
60,1,6,0,0,0.003406
1,34,9,3,0,0.003657
6,54,20,20,0,0.013329
15,72,32,32,0,0.009205
8,65,45,27,0,0.004571
4,33,50,11,0,0.002112
65,8,4,0,0,0.132841
68,10,4,0,0,0.096146
61,8,2,0,0,0.056014
63,9,3,0,0,0.041543
70,10,5,0,0,0.037202
75,9,7,0,0,0.008542
78,9,10,0,0,0.005611
79,11,10,0,0,0.003615
68,6,6,0,0,0.002045
71,6,6,0,0,0.003237
83,6,8,0,0,0.001261
62,5,7,0,0,0.001168
71,6,8,0,0,0.001029
53,8,1,0,0,0.052318
48,8,1,0,0,0.023592
49,14,2,0,0,0.012692
54,21,5,0,0,0.009399
60,27,5,0,0,0.002818
61,46,9,0,0,0.00113
47,1,0,0,0,0.017322
53,1,1,0,0,0.004471
60,2,0,0,0,0.002383
51,57,5,0,4,0.106067
18,50,5,0,3,0.045177
14,77,6,0,5,0.042016
16,86,12,0,10,0.033594
11,79,9,0,9,0.009139
11,83,8,0,7,0.008352
9,79,8,0,7,0.004844
12,84,12,0,8,0.002189
8,68,8,0,6,0.001371
7,70,9,0,8,0.001304
64,22,0,0,1,0.142707
53,8,0,0,1,0.06396
67,11,0,0,1,0.028598
57,15,0,0,2,0.007456
65,43,0,1,4,0.003558
17,76,11,1,1,0.536897
11,66,8,0,1,0.27412
15,79,12,0,4,0.128494
15,75,10,0,5,0.095928
17,79,19,0,6,0.077221
20,89,21,1,7,0.054571
20,73,28,0,7,0.045545
21,86,40,1,10,0.043298
23,78,44,1,9,0.046955
26,84,68,1,11,0.01251
23,68,51,1,12,0.016291
27,70,38,1,13,0.008662
25,76,34,1,9,0.006116
22,69,29,0,10,0.00263
25,75,32,1,13,0.002817
19,70,32,1,11,0.00162
21,74,43,0,12,0.001178
62,0,0,7,2,0.010935
62,2,1,0,0,0.266662
57,1,1,0,0,0.176215
68,2,1,0,0,0.14379
68,2,1,0,0,0.05216
72,2,0,0,0,0.045901
73,2,0,0,0,0.030913
78,2,0,0,0,0.010512
81,2,0,0,0,0.007676
85,2,0,0,0,0.002025
90,2,1,0,0,0.001345
74,2,1,0,0,0.001163
60,6,7,3,0,0.725931
89,15,23,5,0,0.359692
69,15,21,4,0,0.248959
82,0,2,4,0,0.001086
81,0,2,2,0,0.002333
87,0,1,3,0,0.00218
81,0,0,1,0,0.001112
5,0,60,0,0,0.008042
62,13,3,0,1,0.014661
62,11,2,0,1,0.010407
78,14,1,0,3,0.002896
89,23,2,0,5,0.001239
54,9,4,8,0,0.035603
49,19,3,13,0,0.007469
0,38,11,0,25,0.004253
0,52,24,0,25,0.001511
50,57,0,5,1,0.002045
35,47,0,3,1,0.002518
49,68,0,7,2,0.00237
52,64,0,3,2,0.001644
50,32,0,0,0,0.008447
52,42,0,0,0,0.005442
0,44,7,32,0,0.00762
0,74,6,15,0,0.002339
8,49,1,5,0,0.04655
18,69,4,11,1,0.01317
21,71,3,13,0,0.005806
44,55,35,0,0,0.001006
55,0,0,0,0,0.001376
49,68,21,29,0,0.001493
46,70,30,21,0,0.017889
18,84,46,18,0,0.010283
8,71,28,9,1,0.005887
8,76,30,8,0,0.001553
49,0,2,0,0,0.016535
51,0,1,0,0,0.010112
54,0,2,0,0,0.00342
57,0,4,0,0,0.001689
59,0,27,1,1,0.002284
73,12,7,1,2,0.002601
78,8,5,1,1,0.009652
74,7,3,1,1,0.01701
61,3,1,0,0,0.045676
59,2,1,0,0,0.027393
58,3,1,0,1,0.021356
61,3,1,2,1,0.017234
55,4,2,1,2,0.012255
59,4,2,2,2,0.010209
55,5,2,1,2,0.010857
54,3,1,1,1,0.017707
61,8,5,1,3,0.002875
66,12,5,1,3,0.002923
63,4,0,1,0,0.007373
58,5,0,1,0,0.006742
77,59,1,1,1,0.001857
45,9,2,0,0,0.283702
54,35,5,0,1,0.219385
62,39,10,0,2,0.102829
49,25,10,0,1,0.108397
57,38,14,1,2,0.086445
48,11,6,0,1,0.029093
48,14,6,0,1,0.031583
54,21,8,0,1,0.022505
66,19,11,0,1,0.013928
74,57,21,0,4,0.003774
66,41,22,1,4,0.004065
81,64,46,1,4,0.001982
30,51,19,1,3,0.002624
22,44,13,1,2,0.001462
14,33,7,0,1,0.001128
54,65,31,1,4,0.00105
49,0,0,0,0,0.075423
45,1,0,0,0,0.021336
44,2,0,0,0,0.007322
44,3,1,0,0,0.002154
56,1,2,0,1,0.033324
62,1,3,0,2,0.017747
50,1,11,0,3,0.016348
45,2,5,0,4,0.011003
60,3,7,0,7,0.002406
54,4,29,0,13,0.00158
8,65,50,0,0,0.090712
5,51,33,0,0,0.022035
8,77,69,0,0,0.013692
2,36,42,0,0,0.003754
46,13,6,0,0,0.00956
53,22,9,0,0,0.001251
56,11,8,0,1,0.14327
55,8,5,0,1,0.066158
54,10,6,0,1,0.039189
52,18,9,0,2,0.025395
57,17,12,0,2,0.020621
64,41,40,0,4,0.004688
49,35,17,0,3,0.006705
61,66,34,0,7,0.001796
33,50,38,0,5,0.00134
56,5,0,1,0,0.001903
42,3,0,0,0,0.001135
61,0,0,0,0,0.003653
67,0,0,0,0,0.0019
81,14,39,39,2,0.011396
61,11,35,35,1,0.076923
62,8,23,23,1,0.011051
86,15,41,41,3,0.004533
77,16,43,43,2,0.005191
53,0,5,0,0,0.167875
81,0,17,0,1,0.107789
62,0,15,0,0,0.060247
58,1,23,0,0,0.04805
53,0,17,0,1,0.038363
59,1,16,0,1,0.0318
52,1,36,0,1,0.006734
51,0,57,0,1,0.008402
53,2,65,0,1,0.003275
65,2,72,0,1,0.002629
62,2,69,0,2,0.002271
36,0,54,0,1,0.001734
71,3,65,0,1,0.001314
58,1,53,0,1,0.0011
58,11,3,0,0,0.547423
56,19,6,0,0,0.34601
54,28,9,0,1,0.196051
62,43,13,0,1,0.044841
55,22,8,0,1,0.039534
54,25,10,0,1,0.025018
66,50,13,0,1,0.010375
68,54,26,0,3,0.002788
68,56,29,1,4,0.003132
73,66,32,0,4,0.001118
61,77,26,0,3,0.001112
80,56,24,0,3,0.001054
65,2,1,5,1,0.001494
64,2,1,3,1,0.003917
59,1,0,3,1,0.006831
64,1,1,3,2,0.006882
58,1,0,3,1,0.003791
57,1,1,3,1,0.003833
67,1,1,4,3,0.001332
61,3,1,4,3,0.00128
74,3,2,6,4,0.00131
70,3,2,8,5,0.001311
51,0,12,0,0,0.132094
51,0,11,0,0,0.064478
52,0,11,1,0,0.043681
49,0,15,1,0,0.009702
57,1,33,1,0,0.005521
55,7,7,0,0,0.024876
56,6,4,0,0,0.019423
57,5,4,0,0,0.015895
71,9,10,0,0,0.004057
74,10,14,0,1,0.002834
80,18,18,0,2,0.001495
57,6,4,0,1,0.041336
59,5,8,0,1,0.02852
58,6,15,0,2,0.022621
58,5,7,0,2,0.019498
66,13,14,0,5,0.003834
56,14,15,0,5,0.003737
62,20,27,0,10,0.00113
52,8,1,0,0,0.116141
15,25,0,0,0,0.071284
52,16,1,0,1,0.019014
58,20,2,0,1,0.008289
66,29,4,0,2,0.001308
46,11,3,0,3,0.011255
79,8,2,0,1,0.061877
76,8,3,0,1,0.087419
79,40,23,0,14,0.001979
76,26,11,0,8,0.005255
70,19,9,0,9,0.00296
76,25,15,0,13,0.002064
18,27,72,1,1,0.213163
8,8,57,1,0,0.152938
10,7,65,1,1,0.13637
8,7,80,1,0,0.031327
6,5,59,1,0,0.033449
5,4,70,2,1,0.014367
5,4,74,1,1,0.007546
3,3,79,2,1,0.001691
1,1,56,1,0,0.001192
81,5,2,0,0,0.049135
83,4,1,0,0,0.024755
83,4,1,0,0,0.011074
88,4,1,0,0,0.002515
90,4,1,0,0,0.001432
89,4,1,0,0,0.001111
81,0,0,3,11,0.00134
68,0,0,2,11,0.00307
56,0,0,1,7,0.002436
54,0,0,2,5,0.003512
58,11,29,0,0,0.003078
56,12,26,0,0,0.00146
50,10,6,0,0,0.247755
61,8,9,0,0,0.223376
53,7,12,1,0,0.13585
44,3,6,0,0,0.056222
48,3,6,0,0,0.050615
49,4,8,0,0,0.017616
50,7,16,1,0,0.011479
47,37,29,1,0,0.00458
62,22,49,1,1,0.002891
71,32,61,2,1,0.002328
64,25,67,3,1,0.002984
29,28,29,1,0,0.002772
53,22,45,2,2,0.001108
55,16,38,1,0,0.001234
63,25,43,0,0,0.001023
52,63,34,1,0,0.154036
34,67,26,0,0,0.112512
43,68,10,0,0,0.068309
25,59,9,0,0,0.039648
30,72,15,1,0,0.021173
32,71,21,0,0,0.014026
27,69,28,1,0,0.004243
22,72,35,1,0,0.004929
20,85,52,3,0,0.001178
57,55,38,2,0,0.001801
49,11,7,1,1,0.021125
48,14,7,1,1,0.019311
54,36,11,2,2,0.005993
44,65,16,2,2,0.004106
47,75,34,4,6,0.001756
73,1,0,1,4,0.002265
68,0,0,0,2,0.004668
77,1,0,1,4,0.001389
43,7,0,0,4,0.001381
52,4,0,0,2,0.007867
58,3,0,0,4,0.009623
54,5,0,0,4,0.009602
63,8,0,0,7,0.001328
49,7,5,0,0,0.099577
48,5,6,0,1,0.060191
49,8,4,0,1,0.030917
49,14,8,0,2,0.016199
46,33,22,0,10,0.002879
32,47,16,0,6,0.00195
60,34,32,0,19,0.003029
51,63,17,1,1,0.201879
40,69,12,1,2,0.068606
23,81,12,0,2,0.042215
16,78,10,0,2,0.018115
15,77,9,0,2,0.005972
17,72,12,0,2,0.002303
10,76,9,0,2,0.001262
11,73,18,1,2,0.001262
13,82,10,1,2,0.001108
9,44,32,0,1,0.072685
38,45,40,0,1,0.055166
18,35,16,0,1,0.036448
8,54,35,0,3,0.027104
8,62,25,0,4,0.003429
9,72,35,0,2,0.003816
10,63,48,0,2,0.001145
45,2,15,1,4,0.002894
0,54,0,1,0,0.001278
0,79,0,1,0,0.00321
88,12,18,4,1,0.002566
88,9,17,3,1,0.002809
10,62,23,10,4,0.040177
14,51,16,9,5,0.016017
18,72,31,16,8,0.001659
43,1,0,0,0,0.00813
47,2,0,1,1,0.003422
67,1,1,3,1,0.002691
70,1,1,3,1,0.001336
67,1,1,1,0,0.002
34,0,0,10,0,0.001655
60,0,1,3,0,0.001369
62,0,1,2,0,0.001014
50,2,3,0,1,0.00201
52,3,5,0,1,0.00151
54,1,4,0,0,0.087835
57,1,1,0,1,0.062681
56,1,1,0,1,0.025222
56,1,1,0,1,0.021144
57,1,1,0,1,0.013241
58,1,2,0,2,0.009106
65,1,2,0,3,0.004412
63,1,4,0,3,0.002865
66,2,3,0,5,0.001935
75,2,3,0,4,0.001032
83,4,5,16,0,0.001649
69,3,3,9,0,0.014605
80,3,5,10,0,0.006567
83,3,3,6,0,0.016208
74,3,3,6,0,0.018948
53,3,1,0,40,0.035964
52,3,1,0,60,0.016325
32,4,1,0,80,0.001054
44,1,0,0,0,0.036796
51,1,0,0,0,0.009599
55,6,1,0,1,0.001883
89,0,1,0,0,0.001191
75,0,0,0,0,0.046109
73,0,0,0,0,0.034775
80,0,0,0,0,0.038
76,0,0,0,0,0.044183
66,0,0,0,0,0.008546
91,0,0,0,0,0.005108
78,0,0,0,0,0.002448
53,0,1,0,0,0.006067
48,1,1,0,0,0.003238
56,3,3,1,1,0.001046
61,16,4,2,2,0.001753
57,10,4,1,1,0.002902
59,20,11,2,0,0.001212
72,0,10,0,0,0.007127
85,0,11,0,1,0.002774
45,0,0,0,0,0.001375
64,1,1,1,0,0.002241
60,0,1,0,0,0.001119
36,56,0,3,3,0.021206
39,64,1,2,8,0.022623
29,69,2,1,7,0.013856
28,67,1,2,8,0.014659
28,81,2,2,10,0.011262
15,59,0,1,7,0.003253
17,81,0,2,4,0.003018
14,70,2,1,9,0.002045
4,39,0,0,2,0.001217
56,6,11,0,1,0.002062
46,4,5,0,0,0.00522
54,6,7,0,0,0.00557
51,5,7,0,0,0.002334
54,10,9,0,1,0.002356
50,22,16,0,1,0.001301
55,4,1,2,0,0.655154
56,6,4,2,0,0.362163
68,9,5,2,0,0.107053
61,9,7,2,0,0.089739
56,10,6,1,0,0.093619
60,15,8,2,1,0.075426
75,20,10,2,1,0.011984
86,22,12,3,1,0.00445
85,26,14,6,1,0.004652
66,28,4,6,1,0.002227
66,19,8,5,1,0.008449
66,17,3,4,1,0.025384
66,13,3,4,1,0.045032
72,12,4,5,1,0.038015
70,20,6,5,2,0.006037
76,28,10,8,3,0.002725
73,17,8,5,2,0.003541
76,6,10,0,0,0.007813
73,8,17,1,0,0.004556
47,0,1,1,0,0.015981
51,0,1,1,0,0.006838
45,0,1,2,0,0.002798
1,79,60,16,12,0.004204
63,10,3,0,0,0.005716
58,17,4,0,0,0.003952
54,17,5,0,0,0.001856
44,10,49,11,27,0.001451
85,0,0,0,0,0
40,1,1,1,0,0.001005
60,0,0,1,1,0.001386
61,1,2,2,2,0.001073
47,26,4,4,1,0.081329
69,26,5,7,1,0.286513
71,44,9,10,1,0.097851
68,48,7,8,2,0.031251
61,65,9,9,2,0.017806
58,75,15,11,3,0.006561
35,74,14,11,4,0.003877
32,75,12,9,3,0.002494
39,66,17,13,3,0.00218
34,78,17,8,3,0.001729
68,28,30,2,1,0.002902
73,27,31,1,1,0.002911
77,23,33,1,0,0.002119
68,16,22,1,1,0.001906
80,18,31,1,1,0.002129
54,1,0,0,0,0.003227
60,1,0,0,0,0.00189
52,5,1,0,0,0.014658
56,13,3,0,0,0.00219
14,38,1,0,0,0.001262
0,72,1,72,0,0.200119
0,65,1,65,0,0.116832
0,64,1,64,0,0.023427
0,69,1,69,0,0.01194
0,78,1,78,0,0.002022
0,80,1,80,0,0.001185
50,0,1,0,0,0.006543
48,0,3,0,0,0.004459
58,48,9,0,0,0.094688
57,32,12,0,0,0.040057
55,46,18,0,0,0.012242
55,61,23,0,0,0.003497
40,56,17,0,0,0.001517
14,44,36,0,0,0.046712
32,70,50,1,0,0.026537
10,48,27,0,0,0.003946
11,62,46,0,0,0.001437
58,3,16,2,0,0.086962
60,2,17,1,0,0.044866
61,3,23,1,0,0.020143
57,4,35,3,1,0.007929
68,8,71,3,0,0.004384
63,10,81,6,1,0.003909
52,10,60,3,0,0.003354
57,2,0,0,0,0.001463
9,6,54,1,0,0.001977
14,6,76,2,0,0.001684
10,6,65,3,0,0.001362
80,32,2,0,0,0.001441
66,11,1,0,0,0.013276
58,11,1,0,0,0.042984
59,9,1,0,0,0.034049
62,16,1,0,0,0.026579
60,18,2,1,0,0.02334
57,22,2,1,0,0.007643
55,24,2,0,0,0.005065
61,7,7,1,1,0.31822
68,7,11,3,2,0.113005
63,3,8,1,1,0.072249
62,2,12,1,2,0.050673
60,2,15,1,3,0.030722
57,3,27,2,4,0.021102
46,4,45,2,6,0.013958
59,3,23,1,5,0.014425
57,4,30,2,8,0.002937
59,4,32,2,9,0.003215
61,5,37,2,12,0.002159
74,5,30,3,10,0.001518
47,3,13,0,1,0.051083
51,4,17,0,2,0.022921
44,7,36,1,4,0.007797
38,26,80,1,9,0.002696
28,14,60,0,8,0.00195
45,27,78,1,9,0.001055
14,27,69,1,8,0.00169
10,19,80,1,9,0.001178
93,3,0,0,0,0.001793
69,0,20,4,0,0.001237
78,0,18,2,0,0.005112
63,0,4,1,0,0.031126
59,0,3,1,0,0.070678
56,0,2,0,0,0.083225
61,0,2,0,0,0.022137
52,0,2,0,0,0.025853
51,0,3,0,0,0.011781
54,0,4,1,0,0.00697
70,0,9,1,16,0.002152
65,1,11,1,12,0.0012
59,1,3,0,0,0.033094
64,1,2,0,0,0.014361
62,2,5,0,0,0.006701
66,6,11,0,0,0.002437
58,5,18,5,0,0.00273
65,3,7,3,0,0.004932
68,4,21,4,0,0.003642
66,5,16,5,1,0.002178
58,10,20,10,0,0.001587
65,1,1,0,0,0.143381
63,1,1,0,0,0.121589
68,1,2,0,0,0.116478
68,1,2,0,0,0.106153
73,1,3,0,0,0.022275
88,1,4,0,0,0.01145
82,1,4,0,1,0.017574
30,81,4,40,4,0.001186
30,51,3,46,3,0.001884
59,48,2,21,2,0.001726
65,15,3,1,0,0.551803
61,15,4,1,0,0.407468
66,16,4,0,0,0.202946
66,15,4,1,0,0.17443
74,14,4,1,0,0.100014
70,14,5,1,0,0.04988
69,16,6,1,0,0.043617
67,18,5,1,0,0.027375
67,14,6,1,0,0.02372
71,15,8,1,0,0.019417
71,13,7,1,0,0.012594
76,14,8,1,0,0.011606
82,15,6,2,0,0.02528
64,11,5,1,0,0.025067
73,12,5,3,0,0.004269
85,15,5,2,0,0.006024
63,16,5,1,0,0.0028
61,15,4,1,0,0.001943
63,2,45,3,9,0.001665
57,0,17,2,5,0.001313
56,0,11,1,5,0.001747
51,50,6,0,0,0.130097
16,63,9,0,0,0.060325
9,66,9,0,0,0.040319
9,61,9,0,0,0.008658
7,69,12,0,0,0.002886
9,68,12,0,0,0.001142
63,0,3,69,8,0.015337
47,0,7,55,4,0.00461
59,3,7,76,4,0.004176
62,3,7,46,9,0.00244
69,1,9,0,0,0.001755
69,3,16,0,0,0.001419
79,4,20,0,0,0.001044
